,in_degree,out_degree,betweenness,eigenvector,is_likely_promo
squeakyllama.bsky.social,69,3,0.00299664948731272,1.3169482998951066e-14,False
cassiarowland.bsky.social,38,0,0.0006401857657491914,3.2887235118368383e-25,False
fleerultra.bsky.social,27,5,0.00033231649458307543,3.082917896286761e-21,True
popcrave.com,27,0,0.0015012252616888805,7.147602456754165e-23,False
film-authority.bsky.social,24,24,3.7292374703836394e-05,0.7072928614845463,False
theferocity.bsky.social,18,6,0.0001524843765667977,1.111477058481476e-24,False
gravitysra1nbow.bsky.social,18,3,0.0004060725245528852,1.2221955570105916e-26,False
mollyknight.bsky.social,18,1,0.00015538489459931832,6.074132182282686e-31,False
ptklein.com,18,8,0.0005229219652915726,1.5244649627497401e-19,False
nicetopatrick.bsky.social,16,2,0.0004441936186945846,9.284152937411478e-27,False
apnews.com,16,0,9.36452964785225e-05,2.7755296640557044e-29,False
macydaisy.bsky.social,15,7,8.701554097561824e-05,2.557345885697537e-26,False
pinkponysub.bsky.social,15,5,0.0005378389151731071,4.53042519264435e-22,False
hereliescorri.bsky.social,15,10,2.3204144260164866e-05,1.886263729344806e-14,False
lady-of-sorrows.bsky.social,13,10,2.8176460887343053e-05,6.903033475847877e-19,False
mattielubchansky.com,13,3,0.0004375638631916803,3.749773117396516e-27,False
sachacoward.bsky.social,12,1,4.55795690824667e-05,1.0703166595120003e-33,False
hleehurley.com,12,1,6.298267727759035e-05,2.2523402143963884e-33,False
rosserford.bsky.social,12,2,0.00011187712411150918,4.1536727707549737e-26,False
kvetch.gay,11,7,2.3204144260164866e-05,4.451325378163135e-22,False
rezekjoe.bsky.social,11,3,0.0002220968093472923,5.881300654422272e-20,False
kikkiplanet.bsky.social,11,2,0.0005370101957352441,2.074817313770778e-24,False
alissawilkinson.bsky.social,10,7,3.48062163902473e-05,9.51365439787142e-25,True
adamrutherford.bsky.social,10,1,5.220932458537095e-05,1.1302648403471286e-37,False
originalsp.in,10,3,2.2375424822301837e-05,6.619182295489399e-29,True
ricrus77.bsky.social,9,8,4.640828852032973e-05,1.2094367434217127e-18,False
letterboxd.social,9,0,2.9833899763069115e-05,1.0701523613024514e-41,False
pinkmouse.bsky.social,9,10,8.28719437863031e-06,9.784120949127207e-17,False
erudito78.bsky.social,9,6,1.657438875726062e-05,4.084784004874155e-24,False
thirdsandsixths.bsky.social,8,7,1.8231827632986682e-05,1.0050247596452599e-17,False
markobau.bsky.social,8,6,4.972316627178185e-06,2.6575792008288922e-19,False
markgaybakes.bsky.social,8,7,9.530273535424857e-05,1.1582457719320072e-25,False
generalboles.bsky.social,7,1,3.1491338638795174e-05,4.862934551324904e-36,False
motoridersd.pug.ninja,7,3,8.28719437863031e-06,3.464183425987102e-31,False
andreia-carbonari.bsky.social,7,2,0.00010110377141928977,8.223165455019651e-30,False
nixostorme.bsky.social,7,2,3.232005807665821e-05,3.0255556046085246e-37,False
jorisbinned.bsky.social,7,5,1.4916949881534558e-05,4.424503004246034e-25,False
symbo1ics.bsky.social,7,4,1.2430791567945464e-05,1.2347446727729658e-31,False
prdnme.bsky.social,7,1,0.00024322915501279974,3.974682046145393e-15,False
dianaaceves.com,7,2,8.28719437863031e-06,1.0472726064317902e-32,False
funkelly.bsky.social,6,0,8.28719437863031e-06,5.275076239829768e-43,False
prasshant.bsky.social,6,3,8.28719437863031e-06,1.0784066324548471e-31,False
gregoryellwood.bsky.social,6,0,1.2430791567945464e-05,8.201949180516671e-46,False
anfieldkathy.bsky.social,6,2,8.28719437863031e-06,1.0229106422821416e-35,False
boykelly13.bsky.social,6,3,8.950169928920735e-05,3.4113642431588177e-20,False
johnmaddening.bsky.social,6,5,4.972316627178185e-06,3.227247845076215e-26,False
karenho.bsky.social,6,3,0.00012762279343090676,2.424662637947956e-28,False
feralstreeep.bsky.social,6,2,1.2430791567945464e-05,8.92487401961327e-39,False
mutablesoul.bsky.social,6,2,4.143597189315155e-06,2.561819158166615e-30,False
jeninmotion.bsky.social,5,2,8.28719437863031e-07,2.106809028028881e-20,False
nytimes.com,5,0,8.28719437863031e-06,1.3763689530035541e-47,False
filmbrainbmb.bsky.social,5,1,8.28719437863031e-06,5.275076239829768e-43,False
christianarjonap.bsky.social,5,2,8.28719437863031e-07,3.847263850082345e-29,False
donmoyn.bsky.social,5,0,8.28719437863031e-06,1.3763689530035541e-47,False
upvotegreyhounds.bsky.social,5,4,0.0,0.37886860994437305,False
moutix2.bsky.social,5,4,8.28719437863031e-07,4.823917839629313e-22,False
himbonotes.bsky.social,5,3,8.28719437863031e-07,2.786352633963906e-27,False
dresdencodak.com,5,0,8.28719437863031e-06,1.3763689530035541e-47,False
thrasherxy.bsky.social,5,1,4.972316627178185e-06,7.367861648433925e-39,False
hexhound.bsky.social,5,0,4.972316627178185e-06,2.244196483852971e-44,False
robertsecundus.bsky.social,5,5,8.28719437863031e-07,3.0388285060979237e-22,False
guimaraujo.bsky.social,5,3,7.458474940767279e-06,1.589392281514283e-35,False
clapifyoulikeme.favrd.social,5,1,4.972316627178185e-06,7.367861648433925e-39,False
azurebee.bsky.social,5,2,4.972316627178185e-06,7.003680828217628e-34,False
glitterburrito.bsky.social,5,2,4.972316627178185e-06,1.8922986207589574e-36,False
juliancampos.bsky.social,4,3,0.0,4.935206682205571e-23,False
guvna.bsky.social,4,4,8.28719437863031e-07,9.181591189229628e-23,False
venividicringy.eurosky.social,4,1,2.4861583135890927e-06,8.146064976028578e-40,False
billdukehavingfun.bsky.social,4,3,0.0,9.089311530649584e-23,False
ericdsnider.bsky.social,4,1,1.4088230443671527e-05,4.657448934485736e-25,False
polly-o.bsky.social,4,4,0.00016160029038329103,5.214557981071173e-15,False
ebcollis.bsky.social,4,2,0.00027927845055984144,1.7861293231195475e-15,False
fakeplasticruby.bsky.social,4,2,8.28719437863031e-07,2.026681722441817e-30,False
pjr2.bsky.social,4,0,1.4916949881534558e-05,1.2084932318327423e-18,False
silentbrouhaha.bsky.social,4,1,0.00039281301354707665,1.9724135532509985e-15,False
yourprettyboy.bsky.social,4,0,8.950169928920735e-05,6.581189756043932e-22,False
winonaparadise.bsky.social,4,0,4.972316627178185e-06,1.079857555212612e-49,False
dnaforever.bsky.social,4,3,0.0002544168674239505,7.521758728564714e-23,False
queerash.bsky.social,4,4,4.972316627178185e-06,3.9974455207935365e-25,False
jkfecke.bsky.social,4,5,0.0,2.4692999219869982e-20,False
tagrevista.com,4,0,1.657438875726062e-05,4.634356447086836e-30,False
flashtastic.bsky.social,4,4,0.0,0.3367720977283316,False
bttlborn.bsky.social,4,1,7.458474940767279e-06,4.765798562509799e-41,False
thr.com,4,0,4.972316627178185e-06,1.079857555212612e-49,False
comedyclub4kids.bsky.social,4,4,8.28719437863031e-07,2.1571329881728015e-25,False
jeffreyb43.bsky.social,4,3,1.2430791567945464e-05,1.5679660401007894e-34,False
kadath.bsky.social,4,0,4.972316627178185e-06,1.079857555212612e-49,False
electriceden92.bsky.social,4,0,1.2430791567945464e-05,3.947632248551377e-38,False
davidkuhne.bsky.social,4,2,9.115913816493341e-06,3.986721511055207e-37,False
kelleygreene.bsky.social,4,0,7.458474940767279e-06,5.202209131558387e-49,False
upstating.bsky.social,4,1,6.546883559117945e-05,4.2163281157482654e-27,False
formeresq.bsky.social,4,2,4.55795690824667e-05,1.7280642614425006e-21,False
gilesyb.bsky.social,4,1,2.4861583135890927e-06,8.146064976028586e-40,False
shadowtodd.bsky.social,4,1,2.569030257375396e-05,8.269876747376333e-35,False
omfproductions.bsky.social,4,5,0.0,2.657412857438053e-20,False
petrospect.blog,4,3,8.28719437863031e-07,7.967942382838194e-31,False
alertadetorrents.bsky.social,4,2,8.28719437863031e-07,2.3496859079267946e-33,False
leesahsea.bsky.social,3,3,8.28719437863031e-07,2.349685907926795e-33,False
contrariannews.org,3,0,5.303804402323398e-05,6.1525477343458444e-24,False
lacodefita.bsky.social,3,4,0.0,4.638312497531745e-22,False
keithgdesigns.bsky.social,3,3,0.0,6.961081965282403e-18,False
retronymous.com,3,1,2.651902201161699e-05,1.139336798490592e-27,False
labeautenoire3.bsky.social,3,2,1.5745669319397587e-05,4.681345149106621e-35,False
blackcatgarden.bsky.social,3,1,8.28719437863031e-07,7.421870128426008e-41,False
notkoze.trashmammal.club,3,1,0.0,6.819404281880921e-36,False
sorayanadiamcdonald.com,3,0,2.4861583135890927e-06,2.7094899933669213e-52,False
maxxfergus.bsky.social,3,0,2.4861583135890927e-06,2.7094899933669213e-52,False
shelleybwoke.bsky.social,3,0,8.28719437863031e-07,9.959499306053932e-48,False
jdotj.bsky.social,3,0,2.4861583135890927e-06,2.7094899933669213e-52,False
catdaddytwo.bsky.social,3,3,0.0,0.2525790732962487,False
csiwriter.bsky.social,3,3,0.0,6.522743643709484e-17,False
glimmerstomp.bsky.social,3,2,2.4861583135890927e-06,7.13434907534968e-42,False
ricardoautobahn.co.uk,3,0,2.4861583135890927e-06,2.7094899933669213e-52,False
winch72.bsky.social,3,4,0.0,1.0169517496480123e-18,False
thetrudz.photo,3,2,8.28719437863031e-07,4.593623169935307e-38,False
cezarfig.bsky.social,3,1,8.28719437863031e-07,7.42187012842601e-41,False
cassmorriswrites.com,3,1,8.28719437863031e-07,7.42187012842601e-41,False
queenoftacos.bsky.social,3,2,0.0,6.6399519856895775e-31,False
kateweb.bsky.social,3,3,0.0,2.0464360366523674e-25,False
spectralspade.org,3,2,4.972316627178185e-06,2.244196483852971e-44,False
kimbivega.bsky.social,3,4,0.00034640472502674694,7.445948505668435e-27,False
uncannyrodders.bsky.social,3,2,1.988926650871274e-05,1.4446770675327015e-37,False
weekendwarrior.bsky.social,3,1,2.4861583135890927e-06,6.260542200876967e-46,False
renbolger.bsky.social,3,4,0.0,1.3406443512373706e-14,False
cluniies.bsky.social,3,2,0.0,1.9873249327981074e-30,False
viennabeef.social,3,3,6.049651896400126e-05,6.245935855830304e-20,False
christopherxci.blacksky.app,3,1,0.0,6.210056837397409e-32,False
litop12.blacksky.app,3,4,3.314877751452124e-06,8.298626354527699e-32,False
stupidartpunk.bsky.social,3,0,2.4861583135890927e-06,2.7094899933669213e-52,False
bridgetemob.bsky.social,3,1,0.0,6.819404281880921e-36,False
sydney-bauer.com,3,1,2.4861583135890927e-06,6.260542200876964e-46,False
timprice.bsky.social,3,3,0.0,2.5284581340678443e-22,False
leavittalone.bsky.social,3,2,3.397749695238427e-05,4.734008182746571e-21,False
puesyanimodo.bsky.social,3,3,0.0,1.0960053791949794e-26,False
floridaman.bsky.social,3,5,2.40328636980279e-05,2.179357255921308e-29,False
jonjon85.bsky.social,3,3,0.0,1.0960053791949794e-26,False
sebastienlabelle.bsky.social,3,3,5.966779952613823e-05,1.014632338435837e-20,False
sunkissedpeaks.bsky.social,3,3,2.4861583135890927e-06,7.367861648433924e-39,False
beefinboots.bsky.social,3,0,2.4861583135890927e-06,2.7094899933669213e-52,False
jfruh.bsky.social,3,0,8.28719437863031e-07,9.959499306053932e-48,False
cskwriter.bsky.social,3,2,0.0,6.6399519856895775e-31,False
saramchenry.bsky.social,3,2,3.314877751452124e-05,2.62986042579677e-27,False
gavia.bsky.social,3,2,8.28719437863031e-07,4.5936231699353034e-38,False
ottocr.at,3,2,1.9060547070849712e-05,4.283701267062422e-36,False
pfunksahunk.bsky.social,3,3,0.0,6.961081965282403e-18,False
queenrayna1337.bsky.social,3,1,8.28719437863031e-07,7.421870128426008e-41,False
boxofhamsters.bsky.social,3,3,8.28719437863031e-07,2.349685907926795e-33,False
daddysahole.bsky.social,3,1,2.4861583135890927e-06,6.260542200876967e-46,False
tklv.bsky.social,3,1,8.28719437863031e-07,7.42187012842601e-41,False
dantebanks.bsky.social,3,2,8.28719437863031e-07,4.5936231699353034e-38,False
zytgst.bsky.social,3,4,0.0,4.935206682205571e-23,False
thegaysapionerd.bsky.social,3,4,0.0,2.289877497030844e-19,False
latinkraken.bsky.social,3,2,2.4861583135890927e-06,7.134349075349684e-42,False
g-sharp-major.bsky.social,3,2,0.00010027505198142674,4.387390780139858e-28,False
uncanny305.bandcamp.com,3,2,0.0,1.9873249327981077e-30,False
lotographia.bsky.social,3,2,2.4861583135890927e-06,7.13434907534968e-42,False
vicky-o-victoria.bsky.social,3,2,8.28719437863031e-07,3.4923916697010544e-35,False
mattysupreme.bsky.social,3,2,0.00010524736860860493,2.3225045954642286e-23,False
dfa1976.bsky.social,3,3,0.0,0.2525790732962487,False
nygem.blacksky.app,3,2,2.4861583135890927e-06,5.735238521480479e-32,False
zeenthecity.bsky.social,3,2,5.8010360650412165e-06,9.630361296426325e-35,False
frankenputo.is-extremely.gay,3,1,3.232005807665821e-05,1.5859397114809603e-31,False
deshocks.bsky.social,3,2,0.0,6.6399519856895775e-31,False
youcaughtscott.com,3,1,8.28719437863031e-07,7.42187012842601e-41,False
bobby1998.bsky.social,3,0,2.4861583135890927e-06,2.7094899933669213e-52,False
akelacooper.bsky.social,3,3,8.28719437863031e-07,2.026681722441817e-30,False
tomilaffly.bsky.social,2,1,0.0,5.3507618065122584e-42,False
neverendingjim.bsky.social,2,1,0.0,7.041004231137775e-41,False
truckerjc.bsky.social,2,2,0.0,4.3484957624729886e-17,False
conradelliot.bsky.social,2,0,8.28719437863031e-07,9.891223853747346e-56,False
merllo.bsky.social,2,2,0.0,2.4659593678607182e-24,False
irishstar.com,2,0,8.28719437863031e-07,9.891223853747346e-56,False
smillapanfur.bsky.social,2,2,0.0,0.1683860488641658,False
bradytbh.bsky.social,2,2,8.28719437863031e-07,4.080055617176914e-43,False
schmanthonyp.bsky.social,2,1,5.8010360650412165e-06,1.2388395644235838e-50,False
caiofall.bsky.social,2,2,3.314877751452124e-06,5.162154339332442e-41,False
crabbyaf.bsky.social,2,2,5.220932458537095e-05,2.4154287849796477e-27,False
thejlm.bsky.social,2,1,8.28719437863031e-07,9.959499306053932e-48,False
thehamsterwrangler.bsky.social,2,2,0.0,8.994533083249006e-32,False
sammie.gay,2,1,0.0,5.3507618065122584e-42,False
camcron.bsky.social,2,1,0.0,5.3507618065122584e-42,False
mauraquint.bsky.social,2,0,8.28719437863031e-07,9.891223853747346e-56,False
chrsphr.uk,2,0,8.28719437863031e-07,9.891223853747346e-56,False
simonm223.bsky.social,2,2,0.0,1.6856387560452294e-22,False
castlechameleon.bsky.social,2,2,0.0,2.1016229663588306e-33,False
leoie.bsky.social,2,1,0.0,5.3507618065122584e-42,False
samanthaballent.bsky.social,2,1,1.657438875726062e-06,3.003965178920571e-46,False
alexdualgrey.bsky.social,2,4,0.0007607644439582624,2.203777210633228e-22,False
drewmagary.bsky.social,2,0,8.28719437863031e-07,9.891223853747346e-56,False
sdzdc.bsky.social,2,5,3.6463655265973365e-05,2.4029936375075677e-15,False
blackforestcyclist.bsky.social,2,3,0.0,6.6399519856895775e-31,False
lsaclassof2000.bsky.social,2,2,0.0,4.3484957624729886e-17,False
jirachi.bsky.social,2,1,0.0,5.3507618065122584e-42,False
pb14.bsky.social,2,1,0.0,5.3507618065122584e-42,False
julywolfe.bsky.social,2,2,0.0,2.289397474033691e-31,False
lschmeiser.bsky.social,2,1,8.28719437863031e-07,9.959499306053932e-48,False
spiegel.de,2,0,8.28719437863031e-07,9.891223853747346e-56,False
biggreenbooks.bsky.social,2,1,0.0,5.3507618065122584e-42,False
southernman48.bsky.social,2,2,0.0,1.3106512355497755e-34,False
aisleseat.bsky.social,2,1,0.0,5.3507618065122584e-42,False
paulnuk.eurosky.social,2,1,1.740310819512365e-05,3.6704603872343164e-38,False
mrpaulymac.bsky.social,2,2,0.0,5.602525921688771e-25,False
discussingfilm.net,2,0,8.28719437863031e-07,9.891223853747346e-56,False
philcox99.bsky.social,2,2,0.0,2.115695128112248e-15,False
watchtvalot.bsky.social,2,4,0.00011270584354937221,7.039082911439095e-20,False
zerosjb.bsky.social,2,3,4.972316627178185e-06,2.0348697553340534e-24,False
mst3katie.bsky.social,2,1,0.0,5.3507618065122584e-42,False
idkman159.swifties.social,2,1,2.4861583135890927e-06,1.4527209251419368e-30,False
mrsteed.bsky.social,2,0,8.28719437863031e-07,9.891223853747346e-56,False
squallleonshart.bsky.social,2,0,8.28719437863031e-07,9.891223853747346e-56,False
seddieweddie.blacksky.app,2,1,0.0,5.3507618065122584e-42,False
sheriffofgay.bsky.social,2,3,0.0,2.389277671915415e-27,False
cjsprigman.bsky.social,2,1,8.28719437863031e-07,9.959499306053932e-48,False
thecorlew.bsky.social,2,0,8.28719437863031e-07,9.891223853747346e-56,False
starf1re.bsky.social,2,2,8.28719437863031e-07,4.080055617176914e-43,False
therealjourneyman.bsky.social,2,0,8.28719437863031e-07,9.891223853747346e-56,False
heyjaeee.bsky.social,2,1,3.0662619200932145e-05,1.8172526258049836e-25,False
aduralde.bsky.social,2,0,8.28719437863031e-07,9.891223853747346e-56,False
ellienchanted.bsky.social,2,1,0.0,5.3507618065122584e-42,False
kenmegalopsuxos.bsky.social,2,2,0.0,5.535791006621989e-27,False
pinkbubblewitch.bsky.social,2,4,8.28719437863031e-07,2.0266817224418153e-30,False
newyorker.com,2,0,8.28719437863031e-07,9.891223853747346e-56,False
iamstephanie58.bsky.social,2,2,0.0,6.819404281880921e-36,False
danixi.bsky.social,2,3,0.0,3.572094808438135e-29,False
herbstwebber.bsky.social,2,2,0.0,6.819404281880921e-36,False
wormsgreenrealm.bsky.social,2,0,3.314877751452124e-06,7.656449603658345e-51,False
vuintrieri.bsky.social,2,1,0.0,5.3507618065122584e-42,False
queerde.bsky.social,2,0,8.28719437863031e-07,9.891223853747346e-56,False
reptvswifties.bsky.social,2,0,8.28719437863031e-07,9.891223853747346e-56,False
hailthesun.bsky.social,2,2,3.314877751452124e-06,2.9750048056096565e-19,False
ulti.com.br,2,0,0.0,2.9747786968423513e-30,False
hannahswiv.bsky.social,2,1,8.28719437863031e-07,9.959499306053932e-48,False
theswiftalchemy.swifties.social,2,1,0.0,5.3507618065122584e-42,False
marisbumf.bsky.social,2,1,8.28719437863031e-07,9.959499306053932e-48,False
mcclellandshane.bsky.social,2,0,8.28719437863031e-07,9.891223853747346e-56,False
karu1402.bsky.social,2,2,9.94463325435637e-06,3.0835473468652683e-19,False
sinnamonscouture.bsky.social,2,0,8.28719437863031e-07,9.891223853747346e-56,False
radplanets.com,2,2,0.0,7.491616466543244e-26,False
carbonmade.bsky.social,2,1,0.0,5.3507618065122584e-42,False
copilotsx.bsky.social,2,1,0.0,1.9140827384984395e-19,False
likeazombie.bsky.social,2,1,1.657438875726062e-06,2.924784010560439e-47,False
onetruestephen.bsky.social,2,2,1.3259511005808495e-05,4.126565437696951e-27,False
tracklist.com.br,2,0,1.657438875726062e-05,1.5447854823622787e-30,False
marxve.bsky.social,2,2,0.0,3.3881175859304923e-35,False
gooberbb.bsky.social,2,1,0.0,5.3507618065122584e-42,False
stephaniejane.bsky.social,2,2,9.94463325435637e-06,1.6110732290971243e-33,False
wannabee80.bsky.social,2,1,0.0,5.3507618065122584e-42,False
compoundsplural.bsky.social,2,2,0.0,2.469151012055328e-22,False
bedform.org,2,0,8.28719437863031e-07,9.891223853747346e-56,False
methyew.bsky.social,2,1,0.0,2.6920622622831257e-24,False
thelovelygirl.bsky.social,2,3,0.0,6.6399519856895775e-31,False
ryanjapan743.bsky.social,2,2,2.651902201161699e-05,6.390927006965396e-27,False
endipendipen.bsky.social,2,2,0.0,3.938617736773354e-24,False
shadowwyrm.bsky.social,2,1,0.0,5.3507618065122584e-42,False
everyfilmnow.bsky.social,2,0,5.303804402323398e-05,1.4765934379735231e-24,False
jmill26.bsky.social,2,1,0.0,5.3507618065122584e-42,False
patman.bsky.social,2,2,1.657438875726062e-06,8.879036480891218e-43,False
ohgodwhatdoiput.bsky.social,2,2,0.0,6.374353906253434e-31,False
silverandblonde.bsky.social,2,2,0.0,6.819404281880921e-36,False
the-cigar-girl.blacksky.app,2,4,1.4088230443671527e-05,1.0381307261487478e-34,False
nsdebbi.bsky.social,2,2,8.28719437863031e-07,4.080055617176914e-43,False
deepfocusreview.bsky.social,2,1,0.0,5.3507618065122584e-42,False
packers1.bsky.social,2,1,0.0,3.261371821854742e-17,False
dailyrunway.bsky.social,2,0,8.28719437863031e-07,9.891223853747346e-56,False
anntastic.bsky.social,2,1,0.0,5.3507618065122584e-42,False
swissepfan.bsky.social,2,3,0.0,1.9873249327981077e-30,False
libbotomy.bsky.social,2,1,0.0,5.3507618065122584e-42,False
georgeswan.bsky.social,2,2,0.0,0.1683860488641658,False
andrewencer.bsky.social,2,2,0.0,2.1222251090359314e-26,False
allysunne.bsky.social,2,2,0.0,6.427018308002431e-34,False
imaginarygaychart.bsky.social,2,1,5.303804402323398e-05,1.5699127911724275e-24,False
bara.bsky.social,2,1,0.0,5.3507618065122584e-42,False
whiskeyandwry.bsky.social,2,2,0.0,3.1275596671697807e-27,False
asterionhex.monster,2,1,0.0,5.3507618065122584e-42,False
tonymcpan.bsky.social,2,2,8.28719437863031e-07,4.080055617176914e-43,False
dirediredocks.bsky.social,2,0,1.4916949881534558e-05,1.9231906835603176e-26,False
anjaciske.bsky.social,2,2,0.0,6.819404281880921e-36,False
benwritesthings.bsky.social,2,0,3.314877751452124e-05,3.599005960891811e-20,False
megadis13.dissky.com,2,2,8.28719437863031e-07,4.080055617176914e-43,False
athleticsfan314.bsky.social,2,2,0.0,2.1016229663588306e-33,False
nicobeast.bsky.social,2,3,0.0,3.157432635602258e-22,False
cbbeauty2.bsky.social,2,0,8.28719437863031e-07,9.891223853747346e-56,False
flawedfacade.blacksky.app,2,1,0.0,5.3507618065122584e-42,False
baronfrosti.bsky.social,2,1,8.28719437863031e-07,9.959499306053932e-48,False
juankamix.bsky.social,2,1,1.657438875726062e-06,3.003965178920571e-46,False
pupwintermpls.bsky.social,2,0,8.28719437863031e-07,9.891223853747346e-56,False
ostimejames.bsky.social,2,1,0.0,5.3507618065122584e-42,False
jamnpp.bsky.social,2,0,8.28719437863031e-07,9.891223853747346e-56,False
altaudge.bsky.social,2,1,0.0,5.3507618065122584e-42,False
jordanpfot.bsky.social,2,2,4.143597189315155e-06,2.641635497694183e-25,False
diasporaminnesotan.bsky.social,2,2,8.28719437863031e-07,4.080055617176914e-43,False
friendlywraith.bsky.social,2,2,3.0662619200932145e-05,3.889829035836241e-21,False
papalouie.me,2,1,0.0,5.3507618065122584e-42,False
lisasponaugle.bsky.social,2,1,0.0,8.245794029203014e-43,False
newyearnewme.bsky.social,2,2,0.0,2.9967579198910773e-31,False
dmmo.bsky.social,2,1,0.0,5.3507618065122584e-42,False
pajamapilots.bsky.social,2,3,0.0,3.724284779134882e-19,False
me-nancy.bsky.social,2,2,0.0,0.1683860488641658,False
rilaws.bsky.social,2,1,8.28719437863031e-07,9.959499306053932e-48,False
nakedgeekguy.bsky.social,2,0,1.657438875726062e-06,1.583321520011254e-53,False
sirihallandren.bsky.social,2,3,1.5745669319397587e-05,3.678482627142464e-31,False
aliceolilly.bsky.social,2,1,3.232005807665821e-05,6.446793326711983e-26,False
zyfez.bsky.social,2,1,0.0,5.3507618065122584e-42,False
lordbusinessman.bsky.social,2,3,9.820325338676916e-05,2.9242899985319653e-27,False
tintinteal.bsky.social,2,0,8.28719437863031e-07,9.891223853747346e-56,False
moreandagain.me,2,0,5.8010360650412165e-06,6.022400553909225e-36,False
sabro.bsky.social,2,1,0.0,5.3507618065122584e-42,False
bettesays.bsky.social,2,2,0.0,2.1222251090359314e-26,False
mulhertamarindo.bsky.social,2,2,0.0,6.819404281880921e-36,False
kcfennessy.bsky.social,2,0,8.28719437863031e-07,9.891223853747346e-56,False
sullydaysleeper.bsky.social,2,3,0.0,6.6399519856895775e-31,False
ernieluckman.bsky.social,2,2,8.28719437863031e-07,7.421870128426008e-41,False
peristy.bsky.social,2,2,2.3204144260164866e-05,1.2719810120976695e-21,False
sunflowerboy777.bsky.social,2,1,8.28719437863031e-07,9.959499306053932e-48,False
reclamarilia.bsky.social,2,2,0.0,6.819404281880921e-36,False
dude3000.bsky.social,2,1,8.28719437863031e-07,9.959499306053932e-48,False
dmalignus.eurosky.social,2,1,8.28719437863031e-07,9.959499306053932e-48,False
workofwrestling.bsky.social,2,1,0.0,5.3507618065122584e-42,False
lolafaglana.bsky.social,2,1,8.28719437863031e-07,9.959499306053932e-48,False
pyry.lutefisk.online,2,2,0.0,2.469151012055328e-22,False
jaydasmiff.me,1,2,0.0,5.3507618065122584e-42,False
breathofthewild82.bsky.social,1,0,0.0,5.801307575073053e-61,False
therichastill.bsky.social,1,1,0.0,2.905576427565749e-19,False
javeauriel.blacksky.app,1,2,0.0,5.3507618065122584e-42,False
goodboy.bsky.social,1,1,9.94463325435637e-06,5.76979525645869e-22,False
lab-reports.bsky.social,1,1,3.4391856671315784e-05,1.408338571608974e-15,False
finnhoya.bsky.social,1,1,0.0,2.88503499452406e-43,False
repeattofa.de,1,0,0.0,5.801307575073053e-61,False
eldritchmoon.love,1,1,0.0,7.199050368084079e-50,False
hairybear65.bsky.social,1,1,0.0,3.8346295347538786e-20,False
millenniumasakura.bsky.social,1,1,0.0,7.199050368084079e-50,False
treesofgreen.bsky.social,1,1,0.0,0.0841930244320829,False
wbramos.bsky.social,1,1,0.0,7.882662829426863e-36,False
renattto.bsky.social,1,2,3.314877751452124e-06,8.399149378718739e-36,False
psjuniorfotos.bsky.social,1,1,0.0,7.882662829426863e-36,False
guabilang.bsky.social,1,1,0.0,1.1810565200925576e-23,False
twittzendo.bsky.social,1,0,0.0,2.0827980410019378e-36,False
spikesyndrome.bsky.social,1,1,9.94463325435637e-06,5.370244096990415e-34,False
eleder.frikiverse.zone.ap.brid.gy,1,1,0.0,7.199050368084079e-50,False
linda0989.bsky.social,1,2,0.0,0.12628953664812434,False
zuegex.bsky.social,1,1,0.0,3.730042180459664e-43,False
tferrer.journa.host.ap.brid.gy,1,1,0.0,7.199050368084079e-50,False
savagelure.bsky.social,1,1,0.0,3.4585499326378467e-25,False
filmvenn.bsky.social,1,1,0.0,7.199050368084079e-50,False
lcandreassen.bsky.social,1,1,0.0,7.199050368084079e-50,False
topherbrennan.bsky.social,1,1,0.0,8.325275810851527e-22,False
finalgirlboss.bsky.social,1,2,0.0,6.380755359112871e-39,False
rhea.art,1,1,0.0,5.149241239056351e-32,False
judeking.bsky.social,1,2,0.0,5.3507618065122584e-42,False
outerpanda.bsky.social,1,0,0.0,5.801307575073053e-61,False
nikkipearl.bsky.social,1,1,7.126987165622066e-05,1.3821553900622374e-15,False
roopikarisam.bsky.social,1,2,0.0,2.2190682785496817e-20,False
thegat0.bsky.social,1,2,0.0,5.3507618065122584e-42,False
cinephile25.bsky.social,1,0,0.0,5.801307575073053e-61,False
snipy.bsky.social,1,1,0.0,5.1527784177072186e-39,False
thebadness.bsky.social,1,2,0.0,7.3664244574738e-34,False
geodrewmi.bsky.social,1,2,0.0,9.813760701560759e-20,False
pablopablete81.bsky.social,1,1,0.0,1.2329796839303591e-24,False
velcroypelusa.eurosky.social,1,2,0.0,1.8494695258955385e-24,False
esthercvtbts.bsky.social,1,1,0.0,7.199050368084079e-50,False
mistaketheory.bsky.social,1,1,0.0,7.199050368084079e-50,False
fairlysilent.bsky.social,1,1,0.0,1.681024350771803e-19,False
ninas1lva.bsky.social,1,1,0.0,7.199050368084079e-50,False
palkopalko.bsky.social,1,1,7.458474940767279e-06,1.3223219262417794e-36,False
gayofthedead.bsky.social,1,1,0.0,7.199050368084079e-50,False
gaynw.bsky.social,1,1,1.657438875726062e-06,1.5833215200112538e-53,False
thecatgang3.bsky.social,1,1,0.0,0.0841930244320829,False
susanfromontario.bsky.social,1,0,0.0,5.801307575073053e-61,False
smread.bsky.social,1,2,0.0,3.8221255106218074e-38,False
ethanrunt.bsky.social,1,1,0.0,7.199050368084079e-50,False
matchatrees.bsky.social,1,0,0.0,4.892226356945462e-22,False
hopheadless.bsky.social,1,1,0.0,1.4856193053512523e-28,False
markharrison.bsky.social,1,1,0.0,7.199050368084079e-50,False
cowbwz4793.bsky.social,1,0,0.0,6.9941514612188835e-56,False
gavenkind.bsky.social,1,1,8.28719437863031e-07,9.891223853747346e-56,False
gambitlucis.bsky.social,1,1,0.0,8.524486279596763e-27,False
jcc333.bsky.social,1,1,0.00011602072130082433,2.1435259965408966e-27,False
tummy-aches.bsky.social,1,1,7.126987165622066e-05,1.3821553900622374e-15,False
leewilliamdesigns.bsky.social,1,1,0.0,7.199050368084079e-50,False
evilcheltdevil.bsky.social,1,1,0.0,7.199050368084079e-50,False
lisquercafe.bsky.social,1,1,0.0,7.199050368084079e-50,False
francylene.bsky.social,1,1,0.0,7.199050368084079e-50,False
goldengaytime.bsky.social,1,0,0.0,5.801307575073053e-61,False
rikabel69.bsky.social,1,1,0.0,8.90804698807943e-48,False
overstatedpathos.bsky.social,1,1,0.0,5.1527784177072186e-39,False
flickerbucket.bsky.social,1,2,0.0,5.3507618065122584e-42,False
treesandtrees.bsky.social,1,2,3.48062163902473e-05,2.948808067994709e-19,False
princeiiro.bsky.social,1,3,0.0001044186491707419,1.1436152739775794e-23,False
bobchipman.bsky.social,1,0,0.0,5.801307575073053e-61,False
rosemmalove.bsky.social,1,1,0.0,8.232330983273892e-30,False
mitchpeotter.bsky.social,1,0,0.0,5.801307575073053e-61,False
tinpottop.bsky.social,1,1,0.0,8.232330983273892e-30,False
jheniamnd.bsky.social,1,0,0.0,5.801307575073053e-61,False
goldcrapp.bsky.social,1,1,0.0,1.234575506027664e-22,False
littlestpersimmon.bsky.social,1,0,0.0,5.801307575073053e-61,False
raymondlamar.blacksky.app,1,0,0.0,5.801307575073053e-61,False
halpocalypse.bsky.social,1,0,0.0,5.801307575073053e-61,False
fayecrooks.bsky.social,1,1,0.0,5.784117794110614e-25,False
theluckysharms.bsky.social,1,2,0.0,1.4657682088501381e-36,False
ensigncelery.bsky.social,1,1,0.0,7.199050368084079e-50,False
regoneth.bsky.social,1,1,0.0,4.756232716899787e-42,False
pafcakes.bsky.social,1,1,0.0,4.756232716899787e-42,False
sombramapache.bsky.social,1,1,0.0,7.199050368084079e-50,False
glennyfromtheblock.bsky.social,1,1,0.0,6.474583036850063e-24,False
filmstories.bsky.social,1,0,0.0,5.801307575073053e-61,False
popculture2000s.bsky.social,1,0,0.0,5.801307575073053e-61,False
chrisrantin.bsky.social,1,0,0.0,5.801307575073053e-61,False
razorfemme.bsky.social,1,0,0.0,5.801307575073053e-61,False
stan-fresh.bsky.social,1,1,0.0,2.548083673747872e-38,False
dr4gula.bsky.social,1,2,4.475084964460367e-05,3.8081720243441933e-31,False
vincent.northsky.social,1,1,0.0,8.90804698807943e-48,False
mstewartsloan.bsky.social,1,0,0.0,5.801307575073053e-61,False
thelittleoutsider.neocities.org,1,2,0.0,2.5215365261577047e-19,False
ladyfoxglove93.bsky.social,1,1,0.0,1.6167368146788923e-15,False
vanitycomplex.bsky.social,1,1,0.0,1.6305593009633492e-37,False
shadyboots81.bsky.social,1,1,7.126987165622066e-05,1.8745673838955534e-16,False
nightrunner5.bsky.social,1,2,0.0,7.368393011820614e-40,False
samjoshphillips.bsky.social,1,1,0.0,7.199050368084079e-50,False
nickinmasham.bsky.social,1,1,0.0,7.199050368084079e-50,False
lyratalise.bsky.social,1,1,0.0,4.756232716899789e-42,False
scotgalalex.bsky.social,1,1,0.0,4.756232716899789e-42,False
filipksu.bsky.social,1,0,0.0,6.9941514612188835e-56,False
harbingerofchaos.bsky.social,1,2,3.314877751452124e-05,5.479329234407558e-29,False
philliper.bsky.social,1,0,0.0,6.9941514612188835e-56,False
leslieludanyi.bsky.social,1,1,0.0,8.90804698807943e-48,False
rickhammertime.bsky.social,1,2,0.0,5.3507618065122584e-42,False
sethhyneswriter.bsky.social,1,1,0.0,7.199050368084079e-50,False
marinal1411.bsky.social,1,1,0.0,2.5563549613332034e-47,False
nadinewhitney.bsky.social,1,1,0.0,7.199050368084079e-50,False
sugarcane99.bsky.social,1,0,0.0,5.801307575073053e-61,False
livesantacruz.bsky.social,1,2,7.126987165622066e-05,1.4288623324875913e-15,False
victoriangothic.bsky.social,1,1,0.0,2.966894027044556e-16,False
sleepypilots.bsky.social,1,1,0.0,1.681024350771803e-19,False
matchmyfrequency.bsky.social,1,2,0.0,2.5215365261577047e-19,False
lovely-lover.bsky.social,1,1,0.0,1.681024350771803e-19,False
taastee.blacksky.app,1,1,0.0,2.2351471523616134e-35,False
ninametz.bsky.social,1,0,0.0,5.801307575073053e-61,False
rachelsklar.bsky.social,1,2,0.0,1.2393589065889626e-28,False
whattheshea.bsky.social,1,1,0.0,8.262392710593083e-29,False
karinafjp.bsky.social,1,2,0.0,5.3507618065122584e-42,False
kateallen.ft.com,1,1,0.0,6.328303579911588e-26,False
katinadavis.bsky.social,1,1,0.0,7.199050368084079e-50,False
lemurtanis.bsky.social,1,1,0.0,7.199050368084079e-50,False
katzish.bsky.social,1,1,8.28719437863031e-07,9.891223853747346e-56,False
clarajeffery.bsky.social,1,0,0.0,6.9941514612188835e-56,False
kenjimallon.bsky.social,1,1,0.0,1.3433126501522736e-26,False
scottlapstra.bsky.social,1,1,0.0,5.784117794110614e-25,False
nsbooklady.bsky.social,1,1,0.0,2.88503499452406e-43,False
ypbpr.pw,1,0,0.0,5.801307575073053e-61,False
yetyetinu.bsky.social,1,3,0.0,6.819404281880921e-36,False
thewillarowe.bsky.social,1,0,0.0,5.801307575073053e-61,False
thegeekiary.bsky.social,1,0,0.0,5.801307575073053e-61,False
kutthroat2.bsky.social,1,2,1.2430791567945463e-06,4.773729585304132e-32,False
rejectionking.bsky.social,1,0,0.0,5.801307575073053e-61,False
shebjammin.blacksky.app,1,2,9.94463325435637e-06,2.378919413144674e-35,False
mythghts.bsky.social,1,1,0.0,4.956641424133972e-35,False
adrianhon.bsky.social,1,0,0.0,5.801307575073053e-61,False
lobosificado.bsky.social,1,1,0.0,6.14219278371515e-25,False
peta.org,1,0,0.0,4.454023494039715e-48,False
mohawkthebigkahuna.bsky.social,1,2,8.28719437863031e-07,9.959499306053932e-48,False
andryta.bsky.social,1,0,0.0,5.801307575073053e-61,False
northflagay.bsky.social,1,2,0.0,5.618712349907433e-26,False
williamgprince.bsky.social,1,1,0.0,3.745808233271622e-26,False
marzipanladyart.bsky.social,1,1,0.0,7.199050368084079e-50,False
rimoluna.bsky.social,1,1,0.0,7.199050368084079e-50,False
screenrant.bsky.social,1,0,0.0,5.801307575073053e-61,False
mattaiwarrior.bsky.social,1,1,0.0,1.6167368146788923e-15,False
violethour.bsky.social,1,1,0.0,1.2767996462932205e-27,False
mikeyjmike.bsky.social,1,2,0.0,5.3507618065122584e-42,False
joelskeetsos.bsky.social,1,0,0.0,5.801307575073053e-61,False
nymag.com,1,0,0.0,5.801307575073053e-61,False
meganhuang.bsky.social,1,1,0.0,7.199050368084079e-50,False
pinkpip.bsky.social,1,1,0.0,7.199050368084079e-50,False
megsokay.bsky.social,1,1,0.0,3.4585499326378467e-25,False
captainrodimus.bsky.social,1,0,0.0,5.801307575073053e-61,False
thatsparkles.bsky.social,1,1,7.126987165622066e-05,1.3821553900622374e-15,False
srviteri.bsky.social,1,0,0.0,5.801307575073053e-61,False
mia-ironeyes.northsky.social,1,1,0.0,3.4585499326378467e-25,False
alewatches.bsky.social,1,0,0.0,5.801307575073053e-61,False
vegankhan.bsky.social,1,1,0.0,8.90804698807943e-48,False
tfae89.bsky.social,1,4,0.0,2.2920193924536378e-30,False
onethousxndvces.bsky.social,1,0,0.0,5.801307575073053e-61,False
lookniimyeyez.bsky.social,1,2,0.0,3.601276742397701e-32,False
nzpom.com,1,1,0.0,4.756232716899787e-42,False
louis88.bsky.social,1,1,0.0,7.199050368084079e-50,False
trishmelbourne.bsky.social,1,1,0.0,7.199050368084079e-50,False
msash-renee.bsky.social,1,1,0.0,4.598096030880423e-35,False
markhachman.bsky.social,1,1,0.0,8.90804698807943e-48,False
lud7emo.bsky.social,1,1,0.0,1.3252321421519272e-22,False
mrtoads.bsky.social,1,1,0.0,2.905576427565749e-19,False
maralynmaralyn.bsky.social,1,0,0.0,5.801307575073053e-61,False
lyndalovon.bsky.social,1,1,0.0,2.452300293266909e-29,False
ruchomuscleworship.bsky.social,1,0,0.0,5.801307575073053e-61,False
vaguelynerdypod.bsky.social,1,0,0.0,5.801307575073053e-61,False
troublecumsround.bsky.social,1,0,0.0,5.801307575073053e-61,False
rachaelcamui.bsky.social,1,1,0.0,8.524486279596763e-27,False
ryanwritesgood.bsky.social,1,1,0.0,8.524486279596763e-27,False
slimetictacs.bsky.social,1,1,0.0,8.524486279596763e-27,False
woketopus.northsky.social,1,1,0.0,8.524486279596763e-27,False
whytetara.bsky.social,1,0,0.0,5.801307575073053e-61,False
hanamimi.bsky.social,1,0,0.0,5.801307575073053e-61,False
nordacious.bsky.social,1,0,0.0,5.801307575073053e-61,False
willian1975.bsky.social,1,1,0.0,7.199050368084079e-50,False
jumancin.bsky.social,1,1,0.0,7.199050368084079e-50,False
smallbonsai471.bsky.social,1,0,0.0,5.801307575073053e-61,False
pajiba.com,1,0,0.0,5.801307575073053e-61,False
hotbbui.bsky.social,1,2,0.0,5.3507618065122584e-42,False
hristaki.bsky.social,1,1,0.0,7.199050368084079e-50,False
stephenarussell.bsky.social,1,1,0.0,7.199050368084079e-50,False
hynkel.bsky.social,1,1,1.657438875726062e-06,1.5799142534133433e-47,False
puppygirlchaos.bsky.social,1,2,0.0,7.041004231137775e-41,False
silencingtrees.bsky.social,1,2,0.0,5.751944302130818e-20,False
idajo.bsky.social,1,1,0.0,1.1810565200925576e-23,False
problematick.bsky.social,1,1,0.0,2.548083673747873e-38,False
bastidrs.bsky.social,1,0,0.0,5.801307575073053e-61,False
imaaronrobert.bsky.social,1,1,0.0,1.262973054240903e-22,False
timcampbellvo.bsky.social,1,1,0.0,4.497266541624503e-32,False
incision.site,1,2,0.0,5.3507618065122584e-42,False
quendergeer.bsky.social,1,1,3.314877751452124e-05,1.623790358788642e-27,False
infiniteishq.bsky.social,1,1,0.0,7.199050368084079e-50,False
myedison.bsky.social,1,1,0.0,7.199050368084079e-50,False
michaelflinn.bsky.social,1,1,6.629755502904248e-06,2.0763023601836605e-35,False
owwenex.bsky.social,1,0,0.0,5.801307575073053e-61,False
nancyk5.bsky.social,1,0,0.0,5.801307575073053e-61,False
quennybeep.bsky.social,1,2,0.0,5.3507618065122584e-42,False
hitmypeakat7ft.swifties.social,1,2,0.0,5.3507618065122584e-42,False
prettybutshit.bsky.social,1,1,0.0,7.199050368084079e-50,False
meister.bsky.social,1,1,0.0,7.199050368084079e-50,False
snhoj.bsky.social,1,1,0.0,1.861228190915901e-29,False
kencometrue31.bsky.social,1,0,0.0,5.801307575073053e-61,False
solzyatthemovies.com,1,0,0.0,5.801307575073053e-61,False
xraynaqueen.bsky.social,1,2,7.831398687805643e-05,4.3702213407131804e-16,False
broccolirob.gobirds.online,1,0,0.0,5.801307575073053e-61,False
heatherw25.bsky.social,1,1,0.0,2.88503499452406e-43,False
helenrottier.bsky.social,1,1,0.0,7.199050368084079e-50,False
kizzythechemist.bsky.social,1,1,0.0,7.199050368084079e-50,False
rakerblaze.bsky.social,1,0,0.0,5.801307575073053e-61,False
ratchetology.bsky.social,1,1,4.226469133101466e-05,1.8936165512192992e-16,False
lilemil.bsky.social,1,1,0.0,3.830412432106773e-15,False
melanieraye89.bsky.social,1,2,0.0,5.745618648160159e-15,False
nanaslugdiva.blacksky.app,1,2,0.0,5.745618648160159e-15,False
ryanlohner.bsky.social,1,1,0.0,3.830412432106773e-15,False
comicbasics.com,1,0,0.0,5.801307575073053e-61,False
jcov.bsky.social,1,0,0.0,2.827345335029103e-26,False
diflaversham.bsky.social,1,0,0.0,5.801307575073053e-61,False
hilarieashton.bsky.social,1,2,0.0003430898472752948,3.16801171648105e-27,False
hipsterl0s.bsky.social,1,1,0.0,7.199050368084079e-50,False
vamospeat.bsky.social,1,0,0.0,5.801307575073053e-61,False
ivyinmyheart.bsky.social,1,1,0.0,8.524486279596763e-27,False
transmoleman.bsky.social,1,0,0.0,5.801307575073053e-61,False
mollyjongfast.bsky.social,1,0,0.0,5.801307575073053e-61,False
patrickwb95.bsky.social,1,2,0.0,5.3507618065122584e-42,False
spryoldlorax.bsky.social,1,2,0.0,9.012611103209186e-21,False
thejrocktv.bsky.social,1,2,0.0,5.3507618065122584e-42,False
jmrivera.bsky.social,1,1,0.0,7.199050368084079e-50,False
lexplays.bsky.social,1,1,0.0,7.199050368084079e-50,False
natizilda.art.br,1,0,0.0,5.801307575073053e-61,False
joereid.bsky.social,1,1,0.0,8.90804698807943e-48,False
patbarber20.bsky.social,1,1,0.0,2.88503499452406e-43,False
philippeaubertcote.bsky.social,1,2,0.0,5.3507618065122584e-42,False
jona-maz.bsky.social,1,3,0.00022126808990942926,4.822703015565424e-27,False
samwell-slughorn.bsky.social,1,2,1.2430791567945464e-05,1.087215261504817e-29,False
thedragonfortress.bsky.social,1,0,0.0,5.801307575073053e-61,False
joodlehead.bsky.social,1,3,8.701554097561824e-05,2.3001447333275438e-20,False
josephexists.bsky.social,1,2,0.0,2.0149689752284105e-26,False
joshidotphoto.bsky.social,1,1,0.0,1.4142469615079427e-31,False
ourobororoboruo.bsky.social,1,2,5.8010360650412165e-06,2.53944010120668e-29,False
tapeworthy.bsky.social,1,2,0.0,5.3507618065122584e-42,False
tzemingdynasty.bsky.social,1,2,0.0,3.6784504399003634e-29,False
orbette.bsky.social,1,1,0.0,1.2538421431134577e-25,False
sheepbop.bsky.social,1,2,0.0,5.3507618065122584e-42,False
seanhoyer.bsky.social,1,1,0.0,7.199050368084079e-50,False
pipoquer.bsky.social,1,1,0.0,7.199050368084079e-50,False
jessicamosby.bsky.social,1,1,0.0,7.199050368084079e-50,False
arrobagaf.bsky.social,1,0,0.0,5.801307575073053e-61,False
fictionhorizon.bsky.social,1,0,0.0,5.801307575073053e-61,False
weaselingaround.bsky.social,1,1,0.0,1.262973054240903e-22,False
madocactus.itch.io,1,0,0.0,3.974649865596214e-31,False
spotteajj.bsky.social,1,0,0.0,5.801307575073053e-61,False
huffpost.com,1,0,0.0,5.801307575073053e-61,False
saraclements.bsky.social,1,0,0.0,5.801307575073053e-61,False
thomasfelpersham.bsky.social,1,1,1.5331309600466072e-05,5.583749469128057e-26,False
handle.invalid,1,0,0.0,5.801307575073053e-61,False
stephenstroud.bsky.social,1,1,0.0,7.199050368084079e-50,False
philsbodydouble.bsky.social,1,1,0.0,7.199050368084079e-50,False
changoatx.bsky.social,1,0,0.0,5.801307575073053e-61,False
jayasaxena.com,1,1,0.0,7.199050368084079e-50,False
tylercoates.bsky.social,1,1,0.0,7.199050368084079e-50,False
jayzedbee.bsky.social,1,1,0.0,1.3877933545807256e-25,False
spannerhead.bsky.social,1,2,0.0,4.780765429690076e-31,False
lulzqurrel.bsky.social,1,1,0.0,7.431202537579518e-35,False
percivalpenman.bsky.social,1,2,3.0662619200932145e-05,2.665456226313714e-25,False
stereogum.com,1,0,0.0,5.801307575073053e-61,False
jameslrennie.bsky.social,1,1,4.143597189315155e-07,1.9523691623596583e-26,False
migelianope.bsky.social,1,1,0.0,7.199050368084079e-50,False
undeadrobins.bsky.social,1,1,0.0,7.199050368084079e-50,False
tiredbit.ch,1,1,0.0,5.149241239056351e-32,False
porosensual.bsky.social,1,1,0.0,3.1701178864413956e-30,False
ccdude8.bsky.social,1,1,0.00010317557001394723,1.3869172128605617e-15,False
catherineedgson.bsky.social,1,1,0.0,7.199050368084079e-50,False
anarchyoriginal.bsky.social,1,1,0.0,7.199050368084079e-50,False
dria.bsky.social,1,0,0.0,4.454023494039715e-48,False
chicagotribune.com,1,0,0.0,5.801307575073053e-61,False
chacofemme.lesbian.cat,1,1,0.0,8.90804698807943e-48,False
sangrium.is-extremely.gay,1,0,0.0,5.801307575073053e-61,False
vampiregrin.bsky.social,1,1,0.0,2.88503499452406e-43,False
moviemanifesto.bsky.social,1,1,0.0,7.199050368084079e-50,False
fran.pw,1,0,0.0,5.801307575073053e-61,False
chaseruni.bsky.social,1,1,0.0,7.199050368084079e-50,False
flexdad.bsky.social,1,1,0.0,7.199050368084079e-50,False
amanaboutfilm.bsky.social,1,1,0.0,7.199050368084079e-50,False
dr0girl.bsky.social,1,0,0.0,5.801307575073053e-61,False
egg.indy.fyi,1,1,2.651902201161699e-05,7.647301630260041e-29,False
cathectic.bsky.social,1,1,0.0,4.253836906075246e-39,False
renatabsales.bsky.social,1,3,0.0,6.340235772882791e-30,False
dalyashleydrh2o.bsky.social,1,2,0.0,7.041004231137777e-41,False
nonotthatpaul.bsky.social,1,1,1.2430791567945464e-05,2.252085045568913e-27,False
trollyman.bsky.social,1,2,0.0,5.3507618065122584e-42,False
shipatadistance.bsky.social,1,2,0.0,5.3507618065122584e-42,False
annakornbluh.bsky.social,1,1,0.0,1.4793788523664545e-20,False
brandonyan.com,1,1,0.0,7.199050368084079e-50,False
candiceactually.bsky.social,1,2,0.0,5.3507618065122584e-42,False
thebagisyourscoach.bsky.social,1,0,0.0,5.801307575073053e-61,False
angelahjkim.bsky.social,1,1,0.0,7.199050368084079e-50,False
joannat.bsky.social,1,1,0.0,5.114553211410672e-36,False
captainmcwow.bsky.social,1,1,0.0,7.199050368084079e-50,False
screamingdeadbody.bsky.social,1,1,0.0,7.199050368084079e-50,False
car0linethais.bsky.social,1,2,0.0,7.041004231137777e-41,False
elaineynwa.bsky.social,1,2,0.0,7.671829817116007e-36,False
joparkerbear.bsky.social,1,1,3.314877751452124e-05,1.623790358788642e-27,False
playsbothsides.bsky.social,1,2,0.0,5.3507618065122584e-42,False
wesleyleblanc.bsky.social,1,0,0.0,5.801307575073053e-61,False
fucklandlords.com,1,2,0.0,5.3507618065122584e-42,False
knickerbacker.bsky.social,1,0,0.0,5.801307575073053e-61,False
xanderoconnor.bsky.social,1,3,0.0,2.0836382776724886e-27,False
tecoapple.com,1,0,0.0,1.4873893484211757e-30,False
cinquinho.bsky.social,1,1,0.0,9.771788059000922e-37,False
citizenkris24.bsky.social,1,1,0.0,1.0508114831794153e-33,False
platonskull.bsky.social,1,1,0.0,2.955170953247197e-25,False
stephendaedalus.bsky.social,1,1,0.0,8.90804698807943e-48,False
permission2bfancy.bsky.social,1,1,0.0,2.955170953247197e-25,False
erinbiba.bsky.social,1,2,0.0,6.380755359112871e-39,False
normiecore.bsky.social,1,2,0.0,4.432756429870796e-25,False
sparklecinnabubz.bsky.social,1,1,0.0,7.199050368084079e-50,False
mark151.bsky.social,1,0,0.0,5.801307575073053e-61,False
girlcinema.bsky.social,1,0,0.0,5.801307575073053e-61,False
claudinhabc.bsky.social,1,2,0.0,5.3507618065122584e-42,False
alishaspillswine.bsky.social,1,1,0.0,7.199050368084079e-50,False
alicesoapbox.bsky.social,1,1,0.0,4.756232716899787e-42,False
manycura.bsky.social,1,1,0.0,7.199050368084079e-50,False
alexxremake.eurosky.social,1,1,0.0,7.199050368084079e-50,False
wdragon.bsky.social,1,0,0.0,1.4873893484211757e-30,False
omelete.com.br,1,0,0.0,1.4873893484211757e-30,False
chrisafer.bsky.social,1,2,0.0,1.8518632590414958e-22,False
meumundopop.bsky.social,1,0,0.0,1.4873893484211757e-30,False
unenthuser.bsky.social,1,0,0.0,5.801307575073053e-61,False
abundantmischief.bsky.social,1,0,0.0,5.801307575073053e-61,False
nickafterdark.bsky.social,1,1,0.0,7.199050368084079e-50,False
chrissayshi.bsky.social,1,1,0.0,1.5710989730485253e-20,False
almostalt617.bsky.social,1,1,0.0,7.199050368084079e-50,False
stevekend33.bsky.social,1,1,0.0,4.253836906075246e-39,False
frizfrizzle.bsky.social,1,0,0.0,5.801307575073053e-61,False
harmsen.net,1,0,0.0,5.801307575073053e-61,False
spkheller.bsky.social,1,1,0.0,7.199050368084079e-50,False
us.theconversation.com,1,0,0.0,5.801307575073053e-61,False
allisonkilkenny.bsky.social,1,1,0.0,7.199050368084079e-50,False
aquelefilme.bsky.social,1,0,0.0,1.4873893484211757e-30,False
cnn-brasil.bsky.social,1,0,0.0,1.4873893484211757e-30,False
diegoquaglia.bsky.social,1,0,0.0,1.4873893484211757e-30,False
whatsforlynch.bsky.social,1,2,0.0,4.432756429870796e-25,False
paulino-gui.bsky.social,1,1,0.0,3.3027006349979034e-41,False
martina47.bsky.social,1,2,2.3204144260164866e-05,4.490074264581008e-22,False
byron2284.bsky.social,1,1,0.0,1.2125236862650353e-22,False
badgerbleu2.bsky.social,1,1,0.0,2.1742478812364943e-17,False
ttrenae.bsky.social,1,1,0.0,7.199050368084079e-50,False
baconflatbread.bsky.social,1,1,0.0,1.6305593009633492e-37,False
bigjohn8.bsky.social,1,1,0.0,4.253836906075246e-39,False
untitleduser.bsky.social,1,0,0.0,5.801307575073053e-61,False
babybillybfyre.bsky.social,1,1,8.28719437863031e-07,5.954881207981327e-43,False
lukevallewrites.bsky.social,1,1,0.0,7.199050368084079e-50,False
nderringer.bsky.social,1,0,0.0,5.801307575073053e-61,False
traitor45.bsky.social,1,1,5.303804402323398e-05,2.9493628911664125e-25,False
awardswatch.bsky.social,1,1,0.0,7.199050368084079e-50,False
mockwooloo.bsky.social,1,2,0.0,7.041004231137775e-41,False
blake105.bsky.social,1,3,0.0,1.7222305071871788e-31,False
cesmustache.bsky.social,1,1,1.5331309600466072e-05,1.5878705293281142e-31,False
emilycgb.bsky.social,1,0,0.0,5.801307575073053e-61,False
jordansmix.bsky.social,1,1,3.0662619200932145e-05,1.9481303232001195e-20,False
blogus.bsky.social,1,1,0.0,8.325275810851527e-22,False
vintagewingnut.bsky.social,1,1,0.0,7.199050368084079e-50,False
sacpedrohs.bsky.social,1,1,6.629755502904248e-06,2.0763023601836605e-35,False
aubreygilleran.bsky.social,1,1,2.569030257375396e-05,6.879946102387141e-28,False
bertjim.bsky.social,1,2,0.0,1.7381300836488095e-15,False
bastbuxxx.bsky.social,1,1,0.0,6.542507134373839e-20,False
moviessilently.bsky.social,1,0,0.0,5.801307575073053e-61,False
laffingbuddha.bsky.social,1,1,0.0,8.90804698807943e-48,False
willis-paints.bsky.social,1,2,0.0,5.3507618065122584e-42,False
beardynoise.bsky.social,1,1,0.0,1.1373084918799314e-21,False
banblew.bsky.social,1,2,0.0,1.287138609308276e-20,False
beckylevine.bsky.social,1,1,0.0,7.199050368084079e-50,False
carriefinison.bsky.social,1,1,0.0,7.199050368084079e-50,False
zabusan.bsky.social,1,0,0.0,5.801307575073053e-61,False
lorritto.bsky.social,1,1,0.0,3.011467952384795e-24,False
baldjameswin.bsky.social,1,2,5.303804402323398e-05,1.0802441544076623e-23,False
joanofbarc.bsky.social,1,0,0.0,5.801307575073053e-61,False
bakesdeb.bsky.social,1,1,0.0,2.4742141139506514e-31,False
bellabanana.bsky.social,1,2,0.0,1.3474490979373628e-29,False
benjwey.bsky.social,1,1,0.0,8.90804698807943e-48,False
auspices.bsky.social,1,2,0.0,5.745618648160159e-15,False
bluetit24.bsky.social,1,1,0.0,7.199050368084079e-50,False
tomandlorenzo.bsky.social,1,1,0.0,3.4585499326378467e-25,False
mushqoom.bsky.social,1,1,0.0,2.88503499452406e-43,False
breaksthings.bsky.social,1,2,0.0,5.751944302130818e-20,False
jsthrill.modphi.com,1,3,0.0,6.819404281880921e-36,False
trappedinazorb.bsky.social,1,1,4.972316627178185e-06,1.0538198787075168e-50,False
michaelgrossauthor.bsky.social,1,0,0.0,5.801307575073053e-61,False
thenowofmylife.bsky.social,1,1,0.0,7.199050368084079e-50,False
brucerfeldman.bsky.social,1,2,0.0,5.3507618065122584e-42,False
wardo188.bsky.social,1,1,0.0,7.199050368084079e-50,False
wrenispinkle.bsky.social,1,1,0.0,7.199050368084079e-50,False
aoife-rose.bsky.social,1,1,0.0,2.734515315924429e-15,False
kslater.bsky.social,1,0,0.0,5.801307575073053e-61,False
ashlenasharma.bsky.social,1,0,0.0,5.801307575073053e-61,False
antlerlad.bsky.social,1,2,0.0,7.041004231137777e-41,False
tyrotcm.bsky.social,1,1,0.0,7.199050368084079e-50,False
anthrotechana.bsky.social,1,1,0.0,7.199050368084079e-50,False
outonthemoors.bsky.social,1,0,0.0,5.801307575073053e-61,False
terrorflix2.bsky.social,1,0,0.0,5.801307575073053e-61,False
makeitvyz.bsky.social,1,1,0.0,2.88503499452406e-43,False
tomatematemate.bsky.social,1,0,0.0,5.801307575073053e-61,False
whmpodcast.bsky.social,1,0,0.0,5.801307575073053e-61,False
wildsown.bsky.social,1,1,0.0,7.199050368084079e-50,False
aliafonzy.blacksky.app,1,0,0.0,5.801307575073053e-61,False
deadweightlks.bsky.social,1,0,0.0,5.801307575073053e-61,False
bonecarussa.bsky.social,1,1,5.6352921774686106e-05,1.6584634445377498e-30,False
softmossdog.bsky.social,1,2,0.0,5.3507618065122584e-42,False
batgirldeb.bsky.social,1,0,0.0,5.801307575073053e-61,False
boothoundmcr.bsky.social,1,2,0.0,2.121370442261914e-31,False
fllicsofficial.bsky.social,1,0,0.0,5.801307575073053e-61,False
victorieux.bsky.social,1,1,0.0,7.199050368084079e-50,False
oldbaby.bsky.social,1,0,0.0,5.801307575073053e-61,False
vulnicura-jc.bsky.social,1,1,0.0,7.199050368084079e-50,False
ricowtta.bsky.social,1,1,0.0,1.0508114831794153e-33,False
chakram84.bsky.social,1,1,0.0,8.580924062055174e-21,False
bozodeluxe.bsky.social,1,1,0.0,1.0611125545179657e-26,False
scribblerrob.bsky.social,1,0,0.0,5.801307575073053e-61,False
rekati.bsky.social,1,1,7.126987165622066e-05,1.3821553900622374e-15,False
umaenot.bsky.social,1,1,0.0,2.955170953247197e-25,False
eu-health.bsky.social,1,0,0.0,5.801307575073053e-61,False
demadevotee.bsky.social,1,2,0.0,1.9140827384984395e-19,False
dcwritermark.bsky.social,1,2,0.0,3.6784504399003634e-29,False
russellwrites.bsky.social,1,0,0.0,5.801307575073053e-61,False
timgrierson.bsky.social,1,0,0.0,5.801307575073053e-61,False
zoomzeta.blackskycomra.de,1,2,0.0,5.3507618065122584e-42,False
delwynm.bsky.social,1,1,0.0,7.199050368084079e-50,False
drjudymelinek.bsky.social,1,1,0.0,7.199050368084079e-50,False
demontwunk9.bsky.social,1,1,0.00011270584354937221,4.984417124063896e-21,False
varindel.bsky.social,1,0,0.0,5.801307575073053e-61,False
abh93.bsky.social,1,1,2.651902201161699e-05,2.1303090023217988e-27,False
destinysraven.bsky.social,1,1,0.0,7.199050368084079e-50,False
jakobjarecki.bsky.social,1,1,0.0,7.199050368084079e-50,False
elisatc.bsky.social,1,2,0.0,6.856008560321564e-33,False
vange-r.bsky.social,1,2,0.0,6.856008560321564e-33,False
disabilitystor1.bsky.social,1,1,0.0,2.88503499452406e-43,False
sarafoss.bsky.social,1,2,0.0,3.1852439417894326e-37,False
p-no-nwa.bsky.social,1,1,0.0,2.123495961192955e-37,False
indrekibrus.bsky.social,1,0,0.0,5.801307575073053e-61,False
skyfatherwolf.bsky.social,1,1,3.314877751452124e-06,3.267255405286305e-49,False
adamzucker.bsky.social,1,1,0.0,7.199050368084079e-50,False
cosmicshambles.com,1,1,0.0,6.226879978091447e-38,False
darkwingmatt.bsky.social,1,1,0.0,6.542507134373839e-20,False
chiron1.bsky.social,1,0,0.0,5.801307575073053e-61,False
dartmouthdogs.bsky.social,1,1,0.0,2.88503499452406e-43,False
lottelydia.bsky.social,1,0,0.0,5.801307575073053e-61,False
lisalueylutes.bsky.social,1,0,0.0,5.801307575073053e-61,False
tomarmbruster.bsky.social,1,1,0.0,7.199050368084079e-50,False
karenkburrows.bsky.social,1,0,0.0,5.801307575073053e-61,False
cethanleahy.com,1,0,0.0,5.801307575073053e-61,False
acetennisfan1.bsky.social,1,1,0.0,7.407981666540018e-20,False
tjamesdobbin.bsky.social,1,0,0.0,5.801307575073053e-61,False
starmanani.bsky.social,1,1,0.0,2.88503499452406e-43,False
daviddaniel.bsky.social,1,1,0.0,7.199050368084079e-50,False
isaac32767.picknit.com,1,1,0.0,2.88503499452406e-43,False
digforfire.bsky.social,1,1,0.0,8.524486279596763e-27,False
zacharylesser.bsky.social,1,1,0.0,7.199050368084079e-50,False
komishits.bsky.social,1,1,0.0,7.199050368084079e-50,False
kaizhen.bsky.social,1,1,9.447401591638552e-05,1.6254178211403177e-27,False
shadda.bsky.social,1,1,0.0,7.785781976359629e-38,False
mattyb123.bsky.social,1,1,0.0,7.199050368084079e-50,False
2intheshinx.bsky.social,1,1,0.0,7.199050368084079e-50,False
dykehollander.bsky.social,1,1,0.0,7.199050368084079e-50,False
chronolynx.bsky.social,1,1,0.0,7.199050368084079e-50,False
27cansoftuna.bsky.social,1,1,0.0,7.199050368084079e-50,False
drdauwg.bsky.social,1,1,6.464011615331642e-05,2.8538326820805125e-28,False
dynode.eurosky.social,1,1,0.0,5.149241239056351e-32,False
ninejackals.bsky.social,1,1,0.0,7.199050368084079e-50,False
eddieprinceton.bsky.social,1,1,0.0,3.830412432106773e-15,False
1800000burn.hyper.wang,1,1,0.0,7.199050368084079e-50,False
sleepinggiantsbr.bsky.social,1,0,0.0,5.801307575073053e-61,False
eepybruh.bsky.social,1,1,0.0,3.8346295347538786e-20,False
4gr1d0c3.bsky.social,1,1,0.0,1.0508114831794153e-33,False
michaelmccarthy92.bsky.social,1,1,0.0,7.199050368084079e-50,False
disneyoldsters.dissky.com,1,1,0.0,2.88503499452406e-43,False
nicktyde.bsky.social,1,2,0.0,5.3507618065122584e-42,False
djksays.bsky.social,1,1,0.0,5.111711301769784e-46,False
aaubin.bsky.social,1,1,0.0,8.262392710593083e-29,False
dkub.dev,1,1,0.0,1.234575506027664e-22,False
mrsantiagus.bsky.social,1,1,0.0,8.90804698807943e-48,False
jedijoe.bsky.social,1,0,0.0,5.801307575073053e-61,False
aaronlara.bsky.social,1,1,0.0,3.745808233271622e-26,False
janicefilms.bsky.social,1,1,0.0,2.0968848815872294e-23,False
shanavwhite.blacksky.app,1,2,0.0,3.82212551062181e-38,False
luizhgomes.bsky.social,1,0,0.0,5.801307575073053e-61,False
doctordom.bsky.social,1,2,0.00013673870724740012,3.897318391449518e-20,False
8bithe.art,1,2,0.0,7.723861858584526e-32,False
7dreamondreamer.bsky.social,1,2,0.0,1.4335666031492491e-27,False
donnairl.bsky.social,1,2,0.0,5.3507618065122584e-42,False
rexs1gma.bsky.social,1,0,0.0,5.801307575073053e-61,False
daveyblahblah.bsky.social,1,0,0.0,5.801307575073053e-61,False
barrocoabsurdo.bsky.social,1,1,0.0,1.2329796839303591e-24,False
urban.bsky.social,1,1,3.0662619200932145e-05,1.9481303232001195e-20,False
coreyg2.bsky.social,1,1,0.0,8.90804698807943e-48,False
dangrey.bsky.social,1,2,0.0,7.36839301182062e-40,False
afishcalledwanda.bsky.social,1,1,0.0,7.199050368084079e-50,False
teapotrabbit.bsky.social,1,2,8.28719437863031e-07,9.959499306053932e-48,False
shnopsdejesus.bsky.social,1,1,0.0,7.199050368084079e-50,False
aftermark.bsky.social,1,1,2.651902201161699e-05,3.7164036444292143e-28,False
vidalporter.bsky.social,1,1,0.0,5.111711301769784e-46,False
alangrofield.bsky.social,1,1,0.0,4.138490062546669e-27,False
d2kemps.bsky.social,1,2,0.0,7.041004231137777e-41,False
mattbr.bsky.social,1,0,0.0,5.801307575073053e-61,False
aitchemcee283.bsky.social,1,2,0.0,5.3507618065122584e-42,False
euronews.com,1,0,0.0,5.801307575073053e-61,False
rattatatouille.bsky.social,1,1,5.138060514750792e-05,2.1321658112689907e-27,False
bpdreview.bsky.social,1,2,0.0,5.3507618065122584e-42,False
mgayultra.bsky.social,1,0,0.0,5.801307575073053e-61,False
avaonline.bsky.social,1,0,0.0,5.801307575073053e-61,False
cuntleyjune.bsky.social,1,1,0.0,5.111711301769783e-46,False
ahab.bsky.social,1,1,0.0,7.199050368084079e-50,False
starlady38.bsky.social,1,1,0.0,7.199050368084079e-50,False
aicdoesk.ink,1,2,0.0,2.121370442261914e-31,False
aishamcnamara.bsky.social,1,1,0.0,2.905576427565749e-19,False
fdefantasmas.bsky.social,1,1,0.0,7.199050368084079e-50,False
crowleyelworc.bsky.social,1,1,0.0,7.199050368084079e-50,False
ladygaganow.net,1,0,0.0,5.801307575073053e-61,False
dbauer09.bsky.social,1,1,0.0,8.178910458549915e-28,False
sulemiomercury.butchsky.social,1,1,0.0,1.6964530826972975e-44,False
danielsohege.bsky.social,1,1,7.458474940767279e-06,1.1648176735923963e-36,False
lewiru.bsky.social,1,0,0.0,8.482265413486488e-45,False
daresaypj.bsky.social,1,1,0.0,4.376553305760604e-25,False
danrather.bsky.social,1,1,0.0,8.90804698807943e-48,False
waningibbous.bsky.social,1,1,0.0,7.199050368084079e-50,False
maserrano.bsky.social,1,3,0.0,2.1016229663588306e-33,False
ooklah.bsky.social,1,0,0.0,5.801307575073053e-61,False
danwaterfield.bsky.social,1,1,0.0,1.3877933545807256e-25,False
squints.bsky.social,1,0,0.0,5.801307575073053e-61,False
rmuird.bsky.social,1,1,0.0,2.548083673747872e-38,False
conorsen.bsky.social,1,1,0.0,7.199050368084079e-50,False
davidstrathdee.bsky.social,1,1,0.0,6.821453455507891e-26,False
netodojo.bsky.social,1,0,0.0,5.801307575073053e-61,False
corey0michaels.bsky.social,1,2,0.0,5.745618648160159e-15,False
mrsbobhere.bsky.social,1,2,0.0,3.8221255106218074e-38,False
yaswinart.com.br,0,1,0.0,1.5850589432206978e-30,False
microveldt.bsky.social,0,1,0.0,1.3672576579622146e-15,False
mynameisryan.bsky.social,0,1,0.0,6.9941514612188835e-56,False
mrsivb.bsky.social,0,1,0.0,5.270842922123005e-26,False
obsidianwalker.bsky.social,0,1,0.0,5.270842922123005e-26,False
oldgirl54.bsky.social,0,1,0.0,5.801307575073053e-61,False
orangecoloredsky.bsky.social,0,1,0.0,1.52455785937511e-41,False
veleda-k.bsky.social,0,1,0.0,4.089455229274958e-28,False
millerfilm.bsky.social,0,1,0.0,5.801307575073053e-61,False
whodiss.bsky.social,0,1,0.0,1.5751021874228023e-49,False
zrau.bsky.social,0,1,0.0,4.885894029500461e-37,False
willbdoubtful.bsky.social,0,1,0.0,4.1626379054257633e-22,False
michaelraywilliams.bsky.social,0,1,0.0,1.4349557958237467e-16,False
mynameistyler.bsky.social,0,1,0.0,8.277142693921886e-23,False
orca19904.bsky.social,0,1,0.0,5.39928777606306e-50,False
midwestjeff.bsky.social,0,1,0.0,6.9941514612188835e-56,False
often.codes,0,1,0.0,5.270842922123005e-26,False
vaudindavid.bsky.social,0,1,0.0,5.801307575073053e-61,False
zerocrossing.bsky.social,0,1,0.0,3.3484317314174135e-46,False
oldhobbit.bsky.social,0,1,0.0,5.270842922123005e-26,False
val250263.bsky.social,0,2,0.0,7.882662829426863e-36,False
mightyzim.bsky.social,0,1,0.0,5.270842922123005e-26,False
mykel11.bsky.social,0,1,0.0,5.242159996099736e-30,False
zamyoculca.bsky.social,0,1,0.0,6.904478459967268e-48,False
veronicasam13.bsky.social,0,1,0.0,4.111082134368159e-26,False
mightymog.bsky.social,0,1,0.0,4.262243139798382e-27,False
wlwversion.bsky.social,0,1,0.0,4.454023494039715e-48,False
vaiamrda.bsky.social,0,1,0.0,4.704108020791251e-30,False
migbeaty.bsky.social,0,1,0.0,1.6067545770006078e-34,False
woahpenny.bsky.social,0,1,0.0,5.801307575073053e-61,False
mslonib.bsky.social,0,1,0.0,1.3672576579622146e-15,False
vanderdecken.bsky.social,0,1,0.0,2.4554748191579335e-34,False
vanlighet.bsky.social,0,1,0.0,1.3672576579622146e-15,False
yuweiquan.bsky.social,0,1,0.0,1.2261501466334546e-29,False
wingardiummleviosa.bsky.social,0,1,0.0,9.962914111315087e-24,False
mikal-el.com,0,1,0.0,5.801307575073053e-61,False
momojes.bsky.social,0,1,0.0,6.155309082072321e-48,False
vexed-patriarch.bsky.social,0,1,0.0,5.801307575073053e-61,False
nickhasthoughts.com,0,1,0.0,7.233580962041453e-26,False
mostlyteeth.bsky.social,0,1,0.0,6.930739114811846e-23,False
wesburdine.bsky.social,0,1,0.0,5.3055627725898286e-27,False
naturali.bsky.social,0,1,0.0,9.962914111315087e-24,False
yakuzajohn.bsky.social,0,1,0.0,2.1269184530376235e-39,False
whimsy.pikachannel.xyz,0,1,0.0,5.801307575073053e-61,False
missrori.bsky.social,0,2,9.94463325435637e-06,1.166881749193545e-37,False
mitchsn.bsky.social,0,1,0.0,9.962914111315087e-24,False
nealshepperson.bsky.social,0,1,0.0,3.1134399890457233e-38,False
mjwells.bsky.social,0,1,0.0,5.270842922123005e-26,False
mlh414.bsky.social,0,1,0.0,3.5671745376748376e-42,False
mmd11.bsky.social,0,1,0.0,4.454023494039715e-48,False
wayfarerone.bsky.social,0,1,0.0,1.3672576579622146e-15,False
y2skot.bsky.social,0,1,0.0,5.801307575073053e-61,False
newsandcoffee.bsky.social,0,1,0.0,1.928960546209376e-28,False
morecords.bsky.social,0,1,0.0,9.962914111315087e-24,False
wetasspword.bsky.social,0,1,0.0,3.3484317314174135e-46,False
xnrock.bsky.social,0,2,0.0,3.730042180459664e-43,False
monalisa1979.bsky.social,0,1,0.0,3.974649865596216e-31,False
xw8c.bsky.social,0,1,0.0,1.5643247770369894e-52,False
whenwillcarmen.bsky.social,0,1,0.0,5.018581552231545e-31,False
nickforbrains.bsky.social,0,1,0.0,2.5763892088536093e-39,False
which-witch-ru.bsky.social,0,1,0.0,9.962914111315087e-24,False
nathannelson.co.uk,0,1,0.0,1.0110690645135757e-38,False
warrenterra.bsky.social,0,1,0.0,2.1269184530376235e-39,False
nulltwist.bsky.social,0,1,0.0,1.9173147673769393e-20,False
nadiawithaboringj.bsky.social,0,1,0.0,5.095402172886734e-34,False
nsparks.bsky.social,0,1,0.0,1.3672576579622146e-15,False
vibelikethat13.bsky.social,0,1,0.0,5.018581552231545e-31,False
novaksmokabitch.bsky.social,0,1,0.0,5.801307575073053e-61,False
nottracey.bsky.social,0,1,0.0,1.5769466214248394e-27,False
niallmurray.bsky.social,0,1,0.0,2.4554748191579335e-34,False
yasminp14.bsky.social,0,1,0.0,5.801307575073053e-61,False
mrmartino.bsky.social,0,1,0.0,1.3672576579622146e-15,False
n0tf0ll0w.bsky.social,0,1,0.0,5.801307575073053e-61,False
victoriousyankee.bsky.social,0,1,0.0,5.801307575073053e-61,False
womanoftheyear.bsky.social,0,1,0.0,2.892058897055307e-25,False
noorlovelace.bsky.social,0,1,0.0,1.7292749663189233e-25,False
natecook.bsky.social,0,1,0.0,6.17287753013832e-23,False
whoblue.bsky.social,0,1,0.0,5.801307575073053e-61,False
noni.bsky.social,0,1,0.0,4.262243139798382e-27,False
noctesatticae.com,0,1,0.0,5.095402172886734e-34,False
viniciusoficial.bsky.social,0,1,0.0,1.52455785937511e-41,False
wandaapologist.bsky.social,0,1,0.0,3.5671745376748376e-42,False
millie29.bsky.social,0,1,0.0,2.0477626897195896e-16,False
missjaz96.bsky.social,0,1,0.0,5.801307575073053e-61,False
warnkekim.bsky.social,0,1,0.0,2.892058897055307e-25,False
moviepostmortem.bsky.social,0,1,0.0,5.801307575073053e-61,False
yanygal.bsky.social,0,1,0.0,1.3672576579622146e-15,False
nocowards.bsky.social,0,1,0.0,5.801307575073053e-61,False
scarletteharris.bsky.social,0,1,0.0,5.801307575073053e-61,False
userhandletk.bsky.social,0,1,0.0,5.801307575073053e-61,False
sorryforlaughing.bsky.social,0,1,0.0,1.0513376859706771e-38,False
spooks-mcgee.bsky.social,0,1,0.0,4.1626379054257633e-22,False
splodey.bsky.social,0,1,0.0,6.716563250761368e-27,False
rinabina.bsky.social,0,1,0.0,6.9941514612188835e-56,False
ritorres.bsky.social,0,1,0.0,5.801307575073053e-61,False
speccytwat.bsky.social,0,1,0.0,1.5643247770369894e-52,False
rlnotstine.bsky.social,0,1,0.0,4.1626379054257633e-22,False
southlondongay.bsky.social,0,1,0.0,7.396894261832272e-21,False
rmathematicus.bsky.social,0,1,0.0,3.1134399890457233e-38,False
robedwards1.bsky.social,0,1,0.0,6.9941514612188835e-56,False
someothercow.bsky.social,0,1,0.0,1.3672576579622146e-15,False
unplannedrebel.bsky.social,0,1,0.0,6.314865271204515e-23,False
solpadeine.bsky.social,0,1,0.0,2.456131003940207e-40,False
smollestbunny2.bsky.social,0,1,0.0,2.3781163584498935e-42,False
robrecker.bsky.social,0,1,0.0,2.555855650884892e-46,False
rockinchimp.bsky.social,0,1,0.0,5.095402172886734e-34,False
smolcatdad.com,0,2,0.0,1.6964530826972975e-44,False
rodinal.bsky.social,0,1,0.0,4.1626379054257633e-22,False
roguetime.bsky.social,0,1,0.0,1.4349557958237467e-16,False
smokyburnout.bsky.social,0,1,0.0,4.454023494039715e-48,False
rokey.bsky.social,0,1,0.0,1.3672576579622146e-15,False
righttobehorny.bsky.social,0,1,0.0,5.801307575073053e-61,False
rigg3nbachi.bsky.social,0,1,0.0,6.383998231466103e-28,False
rifka.bsky.social,0,1,0.0,5.095402172886734e-34,False
spritedear.bsky.social,0,1,0.0,1.854362128432976e-16,False
stevebrycegames.bsky.social,0,1,0.0,1.3672576579622146e-15,False
realmovieev.bsky.social,0,1,0.0,3.3484317314174135e-46,False
realroffs.bsky.social,0,1,0.0,6.9941514612188835e-56,False
rebeccas09.bsky.social,0,1,0.0,6.9941514612188835e-56,False
rebelalliance77.bsky.social,0,1,0.0,2.4554748191579335e-34,False
rebusly.com,0,4,0.0001044186491707419,2.1641015960711235e-23,False
redfellachris.bsky.social,0,1,0.0,2.557276605705336e-36,False
redfort.bsky.social,0,1,0.0,1.5643247770369894e-52,False
stephaniekoons.bsky.social,0,1,0.0,5.801307575073053e-61,False
refrag.bsky.social,0,1,0.0,6.9941514612188835e-56,False
rembrandtswife.bsky.social,0,1,0.0,6.9941514612188835e-56,False
stefanosalvatore.bsky.social,0,1,0.0,5.801307575073053e-61,False
stateofthecity.bsky.social,0,1,0.0,5.270842922123005e-26,False
starmanjack43.bsky.social,0,1,0.0,5.270842922123005e-26,False
renrut-mas.bsky.social,0,1,0.0,5.39928777606306e-50,False
restrainedbob.bsky.social,0,1,0.0,1.865021090229832e-43,False
rexowo.dev,0,1,0.0,1.2148943248381334e-34,False
richardcoops.bsky.social,0,1,0.0,6.9941514612188835e-56,False
sprocketsdance.bsky.social,0,1,0.0,5.801307575073053e-61,False
smokeandwax.bsky.social,0,1,0.0,5.270842922123005e-26,False
rollingthunder7.bsky.social,0,1,0.0,4.262243139798382e-27,False
rosemary.world,0,1,0.0,6.383998231466103e-28,False
sally312.bsky.social,0,1,0.0,2.892058897055307e-25,False
shesbadass.blacksky.app,0,1,0.0,4.147010227320007e-26,False
sherylcrowbar.bsky.social,0,1,0.0,9.962914111315087e-24,False
samantha42.bsky.social,0,1,0.0,6.155309082072321e-48,False
samanthasearrings.bsky.social,0,2,0.0,6.304071616632282e-26,False
samdolan.bsky.social,0,1,0.0,5.270842922123005e-26,False
sandromergvaz.bsky.social,0,1,0.0,5.801307575073053e-61,False
sfannie53.bsky.social,0,1,0.0,1.3672576579622146e-15,False
ses67.bsky.social,0,1,0.0,2.962478774135881e-37,False
sensasian.bsky.social,0,1,0.0,1.5643247770369894e-52,False
seejaneread.bsky.social,0,1,0.0,2.5746206195281754e-32,False
secretman11.bsky.social,0,1,0.0,2.5079187165138208e-49,False
sarablake.bsky.social,0,1,0.0,6.17287753013832e-23,False
sardonic-j.bsky.social,0,1,0.0,5.801307575073053e-61,False
sebright.bsky.social,0,3,4.143597189315155e-07,1.3255423377526844e-23,False
sarthathepuppy.bsky.social,0,1,0.0,8.482265413486488e-45,False
seasthemoment.bsky.social,0,1,0.0,1.3672576579622146e-15,False
scruffygaydc.bsky.social,0,3,0.0002055224205900317,1.0387561772407946e-23,False
scoundril.bsky.social,0,1,0.0,4.1626379054257633e-22,False
sciencesloth.bsky.social,0,1,0.0,2.0692450312733343e-27,False
shetlandaidan.bsky.social,0,1,0.0,2.3781163584498935e-42,False
shirleystanson.bsky.social,0,1,0.0,6.716563250761368e-27,False
rowanacrump.bsky.social,0,1,0.0,1.865021090229832e-43,False
shoren18.bsky.social,0,1,0.0,5.801307575073053e-61,False
smiler1983.bsky.social,0,1,0.0,1.3950608615051797e-19,False
rscook.bsky.social,0,1,0.0,6.155309082072321e-48,False
rsquared.bsky.social,0,1,0.0,4.1626379054257633e-22,False
sloanelysbeth.bsky.social,0,1,0.0,5.801307575073053e-61,False
ruthescajeda.bsky.social,0,1,0.0,4.1626379054257633e-22,False
ryanjamesdee.bsky.social,0,1,0.0,5.801307575073053e-61,False
skullgraves.eurosky.social,0,1,0.0,2.4561310039402046e-40,False
skeletoninside.bsky.social,0,1,0.0,5.242159996099736e-30,False
siperlywhenwet.bsky.social,0,1,0.0,1.9173147673769393e-20,False
siobhandowling.bsky.social,0,1,0.0,5.801307575073053e-61,False
s-griobhtha.bsky.social,0,1,0.0,6.9941514612188835e-56,False
sinnamonlove.blacksky.app,0,1,0.0,6.9941514612188835e-56,False
sincerelyvmc.bsky.social,0,1,0.0,5.801307575073053e-61,False
simonywaking.bsky.social,0,1,0.0,5.270842922123005e-26,False
simon.insanity.tube,0,1,0.0,2.4554748191579335e-34,False
silverduke.bsky.social,0,1,0.0,2.557276605705336e-36,False
sigill.bsky.social,0,1,0.0,2.0692450312733343e-27,False
shropshireslasher.bsky.social,0,1,0.0,6.314865271204515e-23,False
sadieseduskie.bsky.social,0,1,0.0,2.347001410379259e-41,False
ratstar.bsky.social,0,1,0.0,4.454023494039715e-48,False
steveschulist.bsky.social,0,1,0.0,5.242159996099736e-30,False
steviestevew.bsky.social,0,1,0.0,5.270842922123005e-26,False
tofuhama.bsky.social,0,1,0.0,1.3672576579622146e-15,False
peradoce.bsky.social,0,1,0.0,6.9941514612188835e-56,False
petehs.bsky.social,0,1,0.0,6.716563250761368e-27,False
toad.city,0,1,0.0,5.801307575073053e-61,False
tinamur.bsky.social,0,1,0.0,2.0477626897195896e-16,False
petemarchetto.bsky.social,0,1,0.0,1.089473002180098e-36,False
timwil014.bsky.social,0,1,0.0,4.454023494039715e-48,False
petermcunningham.com,0,1,0.0,3.6067315847561187e-28,False
petestaiano.com,0,1,0.0,6.383998231466103e-28,False
petrichorca.bsky.social,0,1,0.0,2.3781163584498944e-42,False
ticoqrouge.bsky.social,0,1,0.0,3.8928909881798146e-38,False
thrillhousegaming.bsky.social,0,1,0.0,4.262243139798382e-27,False
threnody.northsky.social,0,1,0.0,6.383998231466103e-28,False
thomasig.bsky.social,0,1,0.0,6.938966772903628e-26,False
pibbs.bsky.social,0,1,0.0,5.801307575073053e-61,False
thomasaeons.bsky.social,0,1,0.0,3.5671745376748376e-42,False
thib-ad.bsky.social,0,1,0.0,7.855494865242626e-21,False
pinchefag.bsky.social,0,1,0.0,8.152796504816746e-38,False
thevoidvvitch.bsky.social,0,1,0.0,9.962914111315087e-24,False
therpgenius.bsky.social,0,1,0.0,4.262243139798382e-27,False
pennylyaine.bsky.social,0,1,0.0,1.2371070569753257e-31,False
penacolada2293.bsky.social,0,1,0.0,2.555855650884892e-46,False
theroundedman.bsky.social,0,1,0.0,2.285336186773855e-33,False
peibolsag.bsky.social,0,1,0.0,4.454023494039715e-48,False
unimonsterfanboy.bsky.social,0,1,0.0,1.2371070569753257e-31,False
uneasywriter.bsky.social,0,1,0.0,5.413761880243867e-16,False
uncle6.org,0,1,0.0,4.454023494039715e-48,False
tylersapp.bsky.social,0,1,0.0,3.5671745376748376e-42,False
palindromese.bsky.social,0,1,0.0,1.2371070569753257e-31,False
panda359.bsky.social,0,1,0.0,3.1134399890457233e-38,False
tydyethefly.blacksky.app,0,1,0.0,4.1265208226824783e-16,False
turgidjacobian.bsky.social,0,1,0.0,6.292077999565657e-29,False
papaprandabear.bsky.social,0,1,0.0,8.277142693921886e-23,False
patodeborracha.bsky.social,0,1,0.0,5.801307575073053e-61,False
tropkickthunder.bsky.social,0,1,0.0,1.1601803275470671e-18,False
travisfazekas.bsky.social,0,1,0.0,5.801307575073053e-61,False
travelswithbrindle.bsky.social,0,1,0.0,1.0513376859706771e-38,False
tootru.bsky.social,0,1,0.0,2.1269184530376235e-39,False
paulrobertsnhs.bsky.social,0,1,0.0,5.270842922123005e-26,False
tone7x20.bsky.social,0,1,0.0,1.5643247770369894e-52,False
pdog11234.bsky.social,0,1,0.0,2.5558556508848915e-46,False
tombtegtmeyer.bsky.social,0,2,0.0,8.90804698807943e-48,False
pedradaloucura.bsky.social,0,1,0.0,3.0569803018094723e-32,False
pintassilgoabatido.bsky.social,0,1,0.0,5.801307575073053e-61,False
platinumretriever.eurosky.social,0,1,0.0,1.5769466214248394e-27,False
storyaddict.bsky.social,0,1,0.0,5.801307575073053e-61,False
qgcampbell.bsky.social,0,1,0.0,5.270842922123005e-26,False
theagelessbro.bsky.social,0,1,0.0,1.7292749663189233e-25,False
the-ill.bsky.social,0,1,0.0,2.1269184530376235e-39,False
thatmanglenn.bsky.social,0,1,0.0,5.242159996099736e-30,False
texasgypsi.bsky.social,0,1,0.0,1.3672576579622146e-15,False
teflondub.bsky.social,0,1,0.0,1.2261501466334546e-29,False
tania-w.bsky.social,0,1,0.0,3.1134399890457233e-38,False
questbear.bsky.social,0,1,0.0,6.716563250761368e-27,False
tacos-in-denver.bsky.social,0,1,0.0,5.801307575073053e-61,False
t-hebaron.bsky.social,0,1,0.0,6.9941514612188835e-56,False
susabelle84.bsky.social,0,1,0.0,5.242159996099736e-30,False
quiltbunny.bsky.social,0,1,0.0,1.3672576579622146e-15,False
supermanumolina.bsky.social,0,1,0.0,5.801307575073053e-61,False
quinnassociate.com,0,1,0.0,2.2486332708122515e-32,False
quinoag.bsky.social,0,1,0.0,8.470293964826231e-36,False
raconteuse.bsky.social,0,1,0.0,2.1269184530376235e-39,False
sulkirk.bsky.social,0,1,0.0,5.801307575073053e-61,False
stuartitter.bsky.social,0,1,0.0,6.155309082072321e-48,False
rangerdonald.bsky.social,0,1,0.0,1.5643247770369894e-52,False
strangernalps.bsky.social,0,1,0.0,2.5558556508848915e-46,False
queenief9.bsky.social,0,1,0.0,2.557276605705336e-36,False
thecalebrogers.bsky.social,0,1,0.0,1.3672576579622146e-15,False
pocai.bsky.social,0,1,0.0,2.347001410379259e-41,False
thecreweofthefancy.bsky.social,0,1,0.0,1.3672576579622146e-15,False
themilesturner.bsky.social,0,1,0.0,5.270842922123005e-26,False
poeted.blacksky.app,0,1,0.0,2.5079187165138208e-49,False
pokhrajroy.bsky.social,0,1,0.0,2.4554748191579335e-34,False
poordanrichard.com,0,1,0.0,4.262243139798382e-27,False
thejaimewoo.bsky.social,0,1,0.0,4.1311963552965417e-29,False
portablefear.bsky.social,0,1,0.0,2.827345335029103e-26,False
potatofarmer2000.bsky.social,0,1,0.0,6.9941514612188835e-56,False
pppgrifter.bsky.social,0,1,0.0,2.7580073260508726e-28,False
thegirlpie.bsky.social,0,1,0.0,5.801307575073053e-61,False
thefoodandwinediva.bsky.social,0,1,0.0,1.3672576579622146e-15,False
pressingstories.bsky.social,0,1,0.0,3.3484317314174135e-46,False
thefatfryer.bsky.social,0,1,0.0,2.456131003940207e-40,False
preston.camera,0,1,0.0,1.3672576579622146e-15,False
thedivinekid.blacksky.app,0,1,0.0,5.801307575073053e-61,False
profjpc.bsky.social,0,1,0.0,4.1626379054257633e-22,False
profmikesell.bsky.social,0,2,0.0,1.4793788523664545e-20,False
profsecchi.bsky.social,0,1,0.0,6.9941514612188835e-56,False
promptslinger.bsky.social,0,1,0.0,2.5746206195281754e-32,False
pseudonymice.bsky.social,0,1,0.0,5.270842922123005e-26,False
08mms.bsky.social,0,1,0.0,5.801307575073053e-61,False
heathermuse.bsky.social,0,1,0.0,1.7292749663189233e-25,False
michaeldrummey.bsky.social,0,1,0.0,6.314865271204515e-23,False
celestemarx.bsky.social,0,1,0.0,5.242159996099736e-30,False
comeonyou.bsky.social,0,1,0.0,5.801307575073053e-61,False
commanda4.bsky.social,0,1,0.0,1.3672576579622146e-15,False
constancewhewchile.bsky.social,0,1,0.0,2.5763892088536093e-39,False
cortomaltese77.bsky.social,0,1,0.0,5.801307575073053e-61,False
cozygayboy.bsky.social,0,1,0.0,8.152796504816746e-38,False
crabme.at,0,2,0.0,1.0484319992199472e-29,False
crizvila.bsky.social,0,1,0.0,5.801307575073053e-61,False
csmith03.bsky.social,0,1,0.0,2.450157687168182e-21,False
cthompson36.bsky.social,0,1,0.0,1.0484424407936147e-23,False
currentlyquang.xyz,0,1,0.0,5.801307575073053e-61,False
cursedfrogurt.bsky.social,0,1,0.0,5.801307575073053e-61,False
dadvids.bsky.social,0,1,0.0,8.482265413486488e-45,False
dan-liu.net,0,1,0.0,1.0110690645135757e-38,False
daninfragments.bsky.social,0,1,0.0,3.5671745376748376e-42,False
daphne36.bsky.social,0,1,0.0,6.9941514612188835e-56,False
dariofelipe.bsky.social,0,1,0.0,5.801307575073053e-61,False
darksiderjd.bsky.social,0,1,0.0,5.801307575073053e-61,False
darthming.bsky.social,0,1,0.0,1.3950608615051797e-19,False
darwinwoodka.bsky.social,0,1,0.0,2.347001410379259e-41,False
davbatz.bsky.social,0,1,0.0,1.5643247770369894e-52,False
dave-mueller.bsky.social,0,1,0.0,5.801307575073053e-61,False
dave9bikes.bsky.social,0,1,0.0,5.270842922123005e-26,False
daveinlondon.bsky.social,0,1,0.0,5.270842922123005e-26,False
colindickey.com,0,1,0.0,6.9941514612188835e-56,False
coko.bsky.social,0,1,0.0,6.9941514612188835e-56,False
coachchron.com,0,1,0.0,5.801307575073053e-61,False
chrisair.itch.io,0,1,0.0,5.801307575073053e-61,False
cgrangertalley.bsky.social,0,1,0.0,1.9173147673769393e-20,False
chanellee.bsky.social,0,1,0.0,1.7292749663189233e-25,False
changpowless.bsky.social,0,1,0.0,4.1626379054257633e-22,False
charcharjo6.bsky.social,0,1,0.0,1.3672576579622146e-15,False
charleshock98.bsky.social,0,1,0.0,3.715601268789759e-35,False
charlie987.bsky.social,0,1,0.0,1.5643247770369894e-52,False
cheers464646.bsky.social,0,1,0.0,1.3672576579622146e-15,False
chi85guy.bsky.social,0,1,0.0,4.290462031027587e-21,False
chinajoeflynn.bsky.social,0,1,0.0,5.801307575073053e-61,False
chris-in-seattle.bsky.social,0,1,0.0,2.555855650884892e-46,False
chrisdafer.bsky.social,0,1,0.0,1.2371070569753257e-31,False
clio2.bsky.social,0,1,0.0,1.4349557958237467e-16,False
chrislongview.bsky.social,0,1,0.0,6.716563250761368e-27,False
christinesayshi.bsky.social,0,1,0.0,1.2371070569753257e-31,False
christrekkin.bsky.social,0,1,0.0,6.716563250761368e-27,False
chubbycub1991.bsky.social,0,1,0.0,5.801307575073053e-61,False
cigar-boss.bsky.social,0,1,0.0,1.5643247770369894e-52,False
cinemacemanosdeluz.bsky.social,0,14,0.00014253974331244131,7.716450716244993e-30,False
cjterry.bsky.social,0,1,0.0,6.938966772903628e-26,False
clark84.eurosky.social,0,1,0.0,5.270842922123005e-26,False
claudiiiii.bsky.social,0,1,0.0,5.801307575073053e-61,False
clinicalliz.bsky.social,0,1,0.0,4.1626379054257633e-22,False
davethetentakil.bsky.social,0,1,0.0,2.347001410379259e-41,False
davewakeman.bsky.social,0,1,0.0,1.2984730758070833e-23,False
daveypretension.bsky.social,0,1,0.0,5.801307575073053e-61,False
ericnpa.bsky.social,0,1,0.0,3.2372915184250316e-24,False
ehs06702.blacksky.app,0,1,0.0,5.413761880243867e-16,False
elainecrory.bsky.social,0,1,0.0,5.095402172886734e-34,False
elgatonyc.bsky.social,0,1,0.0,6.9941514612188835e-56,False
elusivejay.bsky.social,0,1,0.0,1.5769466214248394e-27,False
emilyelle.bsky.social,0,1,0.0,4.454023494039715e-48,False
emilyonhere.gay,0,1,0.0,2.0581999580482833e-25,False
emmasculating.bsky.social,0,1,0.0,4.1626379054257633e-22,False
englishzzrfan.bsky.social,0,1,0.0,2.5079187165138208e-49,False
ep870.bsky.social,0,1,0.0,5.801307575073053e-61,False
ericgarment.bsky.social,0,1,0.0,4.885894029500461e-37,False
erincook.bsky.social,0,1,0.0,5.801307575073053e-61,False
eenie22.swifties.social,0,1,0.0,6.9941514612188835e-56,False
estrelita13.bsky.social,0,1,0.0,5.801307575073053e-61,False
expret.org,0,1,0.0,3.363059067419813e-37,False
farmfagfreakflags.bsky.social,0,1,0.0,6.9941514612188835e-56,False
felface.bsky.social,0,1,0.0,5.270842922123005e-26,False
fictionwriternc.bsky.social,0,1,0.0,1.4349557958237467e-16,False
firebirdmaximus.bsky.social,0,1,0.0,1.865021090229832e-43,False
fleaingdogfella.bsky.social,0,1,0.0,6.155309082072321e-48,False
flowers36.bsky.social,0,1,0.0,2.0477626897195896e-16,False
fokised1.blacksky.app,0,1,0.0,5.801307575073053e-61,False
frankbascombe.bsky.social,0,1,0.0,6.9941514612188835e-56,False
ehaid.bsky.social,0,2,0.0,8.90804698807943e-48,False
edn-a.bsky.social,0,1,0.0,5.801307575073053e-61,False
dayzee634.bsky.social,0,1,0.0,8.575938690405304e-25,False
dolpher.bsky.social,0,1,0.0,6.9941514612188835e-56,False
deborahstort.bsky.social,0,1,0.0,1.2371070569753257e-31,False
deedubs66.bsky.social,0,1,0.0,5.801307575073053e-61,False
deftestleftist.bsky.social,0,1,0.0,1.5769466214248394e-27,False
desertdweller760.bsky.social,0,1,0.0,1.3672576579622146e-15,False
dick.tips,0,1,0.0,1.717462802134429e-22,False
discodaddy253.bsky.social,0,1,0.0,2.892058897055307e-25,False
djmaryaleescarlet.bsky.social,0,1,0.0,6.155309082072321e-48,False
dmlundeen.bsky.social,0,1,0.0,7.428096526756262e-29,False
docfrednbg.bsky.social,0,1,0.0,6.9941514612188835e-56,False
docstock.bsky.social,0,1,0.0,4.1626379054257633e-22,False
dominustempori.bsky.social,0,1,0.0,2.4554748191579335e-34,False
edginguptown.bsky.social,0,1,0.0,6.9941514612188835e-56,False
dougystyle.bsky.social,0,1,0.0,5.801307575073053e-61,False
dr-ohm.bsky.social,0,1,0.0,1.3672576579622146e-15,False
drdjkhaledmd.bsky.social,0,1,0.0,5.39928777606306e-50,False
drewmakesmovies.bsky.social,0,1,0.0,9.962914111315087e-24,False
drewpowell123.bsky.social,0,1,0.0,6.512965015138136e-51,False
drmikeis.bsky.social,0,1,0.0,6.9941514612188835e-56,False
druidlloydnk.bsky.social,0,1,0.0,6.9941514612188835e-56,False
dubbaewwteeeff.bsky.social,0,1,0.0,4.1626379054257633e-22,False
dylansocal.bsky.social,0,1,0.0,9.962914111315087e-24,False
dystopianprophet.bsky.social,0,1,0.0,5.242159996099736e-30,False
cesar.fernandezcano.es,0,1,0.0,2.285336186773855e-33,False
cekent.bsky.social,0,1,0.0,7.161445008061442e-28,False
fritzviva.bsky.social,0,1,0.0,2.4554748191579335e-34,False
ceejopolis.bsky.social,0,1,0.0,1.0820194754268354e-27,False
andrewbeaumen.bsky.social,0,1,0.0,9.962914111315087e-24,False
andyjunkins.bsky.social,0,1,0.0,5.801307575073053e-61,False
andymays.bsky.social,0,1,0.0,2.7580073260508726e-28,False
anoniv.bsky.social,0,1,0.0,4.454023494039715e-48,False
antnisp.bsky.social,0,1,0.0,4.478013384004255e-28,False
anumation.bsky.social,0,1,0.0,5.801307575073053e-61,False
aprillia.bsky.social,0,1,0.0,1.5643247770369894e-52,False
aranfalk.bsky.social,0,1,0.0,6.155309082072321e-48,False
archvillain.bsky.social,0,1,0.0,6.9941514612188835e-56,False
arcobaleno-prisma.bsky.social,0,1,0.0,1.872904116635811e-26,False
arj0.bsky.social,0,1,0.0,5.270842922123005e-26,False
armakproductions.com,0,1,0.0,5.801307575073053e-61,False
arowla.bsky.social,0,1,0.0,5.801307575073053e-61,False
artadmirer.bsky.social,0,1,0.0,1.5643247770369894e-52,False
artifactscott.bsky.social,0,1,0.0,2.0692450312733343e-27,False
artofcoop.bsky.social,0,1,0.0,6.383998231466103e-28,False
ashleyrodrigues.bsky.social,0,1,0.0,9.962914111315087e-24,False
athosnga5938.bsky.social,0,1,0.0,2.4554748191579335e-34,False
attentialluca.bsky.social,0,1,0.0,5.801307575073053e-61,False
auntiemamelives.bsky.social,0,1,0.0,1.3672576579622146e-15,False
aussieinto.bsky.social,0,1,0.0,2.347001410379259e-41,False
austintassletine.bsky.social,0,1,0.0,6.9941514612188835e-56,False
automaton4u.bsky.social,0,1,0.0,5.242159996099736e-30,False
amelianywhere.bsky.social,0,1,0.0,6.155309082072321e-48,False
amdo.bsky.social,0,1,0.0,1.5769466214248394e-27,False
alttag.bsky.social,0,1,0.0,1.2947306845152283e-29,False
adamphoebe.neocities.org,0,1,0.0,5.801307575073053e-61,False
116flor.bsky.social,0,1,0.0,1.5643247770369894e-52,False
400vicezo.bsky.social,0,1,0.0,8.932985111428452e-31,False
45382ud.bsky.social,0,1,0.0,1.2371070569753257e-31,False
617to416.bsky.social,0,1,0.0,4.454023494039715e-48,False
8bittripper.bsky.social,0,1,0.0,1.5769466214248394e-27,False
aarongrote.com,0,1,0.0,2.0692450312733343e-27,False
aavehannus.bsky.social,0,1,0.0,5.801307575073053e-61,False
absurdistscribbler.bsky.social,0,1,0.0,5.801307575073053e-61,False
adam-manx.bsky.social,0,1,0.0,6.9941514612188835e-56,False
adamjewell.bsky.social,0,1,0.0,6.9941514612188835e-56,False
adtru.bsky.social,0,1,0.0,6.314865271204515e-23,False
alsorae.bsky.social,0,1,0.0,1.7292749663189233e-25,False
afc5ever.bsky.social,0,1,0.0,2.2486332708122515e-32,False
agreaternotion.bsky.social,0,1,0.0,1.3672576579622146e-15,False
aguamineralfresca.bsky.social,0,1,0.0,1.2442831180054214e-46,False
akoltchak.bsky.social,0,1,0.0,1.3672576579622146e-15,False
albertoreale.bsky.social,0,1,0.0,5.095402172886734e-34,False
alexanderchee.bsky.social,0,1,0.0,6.383998231466103e-28,False
alexfreddo.bsky.social,0,1,0.0,2.4561310039402046e-40,False
alialiafro.bsky.social,0,1,0.0,1.2367893031603517e-36,False
allthingsdre.bsky.social,0,2,0.0005270655624808877,1.0252120001020618e-23,False
alpinemigrant.bsky.social,0,1,0.0,1.2367893031603517e-36,False
avicaeruleum.bsky.social,0,1,0.0,7.396894261832272e-21,False
baddestdaddest.bsky.social,0,1,0.0,6.17287753013832e-23,False
baileymcc.bsky.social,0,1,0.0,4.1626379054257633e-22,False
bsky.heenan.net,0,1,0.0,1.5643247770369894e-52,False
braak.bsky.social,0,1,0.0,1.0513376859706771e-38,False
bradflint.bsky.social,0,1,0.0,3.5671745376748376e-42,False
brainiackim.bsky.social,0,1,0.0,1.2371070569753257e-31,False
briancst.bsky.social,0,1,0.0,5.270842922123005e-26,False
brianstorms.bsky.social,0,1,0.0,5.39928777606306e-50,False
brianzitzelman.bsky.social,0,1,0.0,6.9941514612188835e-56,False
britta-no-filter.bsky.social,0,1,0.0,5.801307575073053e-61,False
brlawrencelc.com,0,1,0.0,7.396894261832272e-21,False
bruit.eurosky.social,0,1,0.0,5.801307575073053e-61,False
bruross.bsky.social,0,1,0.0,9.962914111315087e-24,False
btnboy.bsky.social,0,1,0.0,6.716563250761368e-27,False
boshyboo.bsky.social,0,1,0.0,5.801307575073053e-61,False
buckaroosbonsai.bsky.social,0,1,0.0,4.454023494039715e-48,False
buckrawheat.bsky.social,0,2,0.00014916949881534558,6.797117866995758e-28,False
cameronparker.bsky.social,0,1,0.0,2.5763892088536093e-39,False
canhenha.bsky.social,0,1,0.0,6.9941514612188835e-56,False
captaindunsel.bsky.social,0,1,0.0,1.3672576579622146e-15,False
carl-gustav.bsky.social,0,2,4.143597189315155e-07,1.0799409917018954e-27,False
cassiemiu.bsky.social,0,1,0.0,2.977661703809484e-31,False
catbus.phd,0,1,0.0,1.865021090229832e-43,False
cate-evans4.bsky.social,0,1,0.0,4.1265208226824783e-16,False
cbdawson.bsky.social,0,1,0.0,6.9941514612188835e-56,False
bot-tan.suibari.com,0,1,0.0,2.347001410379259e-41,False
boriszee.bsky.social,0,1,0.0,5.801307575073053e-61,False
battlejuice.bsky.social,0,1,0.0,1.865021090229832e-43,False
bigfattyonline.bsky.social,0,1,0.0,4.454023494039715e-48,False
beacaicoya.bsky.social,0,1,0.0,1.7292749663189233e-25,False
beamooo.bsky.social,0,1,0.0,8.482265413486488e-45,False
beckalecka.bsky.social,0,4,0.0,3.688543586217064e-15,False
beemooney.bsky.social,0,1,0.0,5.801307575073053e-61,False
beerz4yearz.bsky.social,0,1,0.0,6.383998231466103e-28,False
behindthefrequency.bsky.social,0,1,0.0,5.801307575073053e-61,False
bestbechdeltest.bsky.social,0,1,0.0,4.920203299424569e-36,False
bigbadbuckley.bsky.social,0,1,0.0,5.270842922123005e-26,False
bigbootychris.bsky.social,0,1,0.0,6.716563250761368e-27,False
bigc-kc.bsky.social,0,1,0.0,9.785465144861018e-54,False
bigv8daddy.bsky.social,0,1,0.0,1.5643247770369894e-52,False
boondockingintheus.bsky.social,0,1,0.0,1.3672576579622146e-15,False
billthepony.bsky.social,0,1,0.0,1.5769466214248394e-27,False
bjkeefe.bsky.social,0,1,0.0,5.801307575073053e-61,False
bksman9.bsky.social,0,1,0.0,7.071234807539713e-32,False
blackandgold.bsky.social,0,1,0.0,6.9941514612188835e-56,False
blacksnakemo.bsky.social,0,1,0.0,2.0692450312733343e-27,False
blakewashington.bsky.social,0,1,0.0,2.450157687168182e-21,False
blueblondie48.bsky.social,0,1,0.0,9.962914111315087e-24,False
bobertonbluesky.bsky.social,0,1,0.0,7.396894261832272e-21,False
bobscho.bsky.social,0,1,0.0,6.155309082072321e-48,False
bollabai.bsky.social,0,1,0.0,5.801307575073053e-61,False
freebooteryyj.bsky.social,0,1,0.0,1.5643247770369894e-52,False
funnywes.online,0,1,0.0,5.39928777606306e-50,False
mia-sade.bsky.social,0,1,0.0,1.7292749663189233e-25,False
jimbpa.bsky.social,0,1,0.0,2.892058897055307e-25,False
kircheis.bsky.social,0,1,0.0,5.39928777606306e-50,False
kiwinomad06.bsky.social,0,1,0.0,3.1134399890457233e-38,False
kkempen.bsky.social,0,1,0.0,1.2371070569753257e-31,False
klavierherz.eurosky.social,0,1,0.0,6.1648984196517955e-25,False
koeniginkatze.bsky.social,0,1,0.0,5.801307575073053e-61,False
ktmuse.bsky.social,0,1,0.0,5.801307575073053e-61,False
kwh561.cryptoanarchy.network,0,1,0.0,9.962914111315087e-24,False
kwilliamsmedia.bsky.social,0,1,0.0,1.2371070569753257e-31,False
kxdyn.bsky.social,0,1,0.0,1.1601803275470671e-18,False
labbla.bsky.social,0,1,0.0,3.5671745376748376e-42,False
ladykatya4.bsky.social,0,1,0.0,6.314865271204515e-23,False
ladymidath.bsky.social,0,1,0.0,1.9461786158598904e-17,False
lalocked.bsky.social,0,1,0.0,7.071234807539713e-32,False
larelli.bsky.social,0,2,0.0,3.4585499326378467e-25,False
lasdelpulpo.bsky.social,0,1,0.0,2.285336186773855e-33,False
lastminutegoal.bsky.social,0,1,0.0,2.2486332708122515e-32,False
latemandy.rwrb.social,0,1,0.0,6.9941514612188835e-56,False
legutz.bsky.social,0,1,0.0,5.801307575073053e-61,False
lena221.bsky.social,0,1,0.0,6.9941514612188835e-56,False
leohorishny.bsky.social,0,1,0.0,1.3672576579622146e-15,False
leojesus.bsky.social,0,2,8.28719437863031e-07,9.891223853747346e-56,False
leowulf.bsky.social,0,1,0.0,2.4554748191579335e-34,False
lepetitereboot.bsky.social,0,1,0.0,1.43772260783061e-36,False
kennyf1283.bsky.social,0,1,0.0,1.033228694509277e-26,False
kenk1980.bsky.social,0,1,0.0,3.974649865596216e-31,False
katiewillden.bsky.social,0,1,0.0,7.233580962041453e-26,False
jovenitti.bsky.social,0,1,0.0,3.109833712549753e-27,False
jjjuv.bsky.social,0,1,0.0,1.52455785937511e-41,False
jockd.bsky.social,0,1,0.0,1.3672576579622146e-15,False
joeybee12.bsky.social,0,1,0.0,3.3484317314174135e-46,False
johnaking.bsky.social,0,1,0.0,3.1134399890457233e-38,False
johnnyninefingers.bsky.social,0,1,0.0,5.270842922123005e-26,False
johnw60.bsky.social,0,1,0.0,5.270842922123005e-26,False
jondvchbimble.bsky.social,0,1,0.0,2.0534301703991844e-30,False
jonhendry.bsky.social,0,1,0.0,5.270842922123005e-26,False
jonlikestoys.bsky.social,0,1,0.0,5.801307575073053e-61,False
josephhall.org,0,1,0.0,6.9941514612188835e-56,False
jpmendis.bsky.social,0,1,0.0,5.270842922123005e-26,False
katherineargent.com,0,1,0.0,1.5643247770369894e-52,False
jrparham.bsky.social,0,1,0.0,6.9941514612188835e-56,False
jtangeles.bsky.social,0,1,0.0,8.277142693921886e-23,False
jtforde518.bsky.social,0,1,0.0,1.2371070569753257e-31,False
julesprom.bsky.social,0,1,0.0,5.801307575073053e-61,False
juliafnp.bsky.social,0,1,0.0,1.2371070569753257e-31,False
junglistmastiff.bsky.social,0,1,0.0,6.9941514612188835e-56,False
just--bruno.bsky.social,0,1,0.0,1.3672576579622146e-15,False
jztidecat.bsky.social,0,1,0.0,5.801307575073053e-61,False
kai.lucasbaradan.com,0,1,0.0,2.0692450312733343e-27,False
kaimatai.bsky.social,0,1,0.0,2.892058897055307e-25,False
lephys.bsky.social,0,1,0.0,4.262243139798382e-27,False
levimsmsmsm.bsky.social,0,1,0.0,3.0569803018094723e-32,False
lezluthor.bsky.social,0,1,0.0,3.3484317314174135e-46,False
mat111.bsky.social,0,1,0.0,1.3672576579622146e-15,False
manndaraee.bsky.social,0,1,0.0,5.801307575073053e-61,False
mapwitch.bsky.social,0,1,0.0,1.4775854766235985e-25,False
marbicwolf.bsky.social,0,1,0.0,6.9941514612188835e-56,False
marco-place.bsky.social,0,1,0.0,3.5671745376748376e-42,False
marcos0902.bsky.social,0,1,0.0,1.2442831180054214e-46,False
mariaaragon64.bsky.social,0,1,0.0,1.3672576579622146e-15,False
mark07929.bsky.social,0,1,0.0,3.1134399890457233e-38,False
markfreed.bsky.social,0,3,1.6160029038329105e-05,6.597987791177194e-26,False
marktierney.com,0,1,0.0,6.9941514612188835e-56,False
marsikeda.bsky.social,0,1,0.0,7.161445008061442e-28,False
mattdean94.bsky.social,0,1,0.0,5.270842922123005e-26,False
mak506.bsky.social,0,1,0.0,5.801307575073053e-61,False
mattmcdiz.bsky.social,0,1,0.0,4.1626379054257633e-22,False
maura.bsky.social,0,1,0.0,2.1269184530376235e-39,False
maximumfun.org,0,1,0.0,6.9941514612188835e-56,False
mbeaulieu.bsky.social,0,1,0.0,5.801307575073053e-61,False
mechanizedmalice.bsky.social,0,1,0.0,8.482265413486488e-45,False
melissingout.bsky.social,0,1,0.0,4.1626379054257633e-22,False
melstefaniuk.bsky.social,0,1,0.0,4.025233771937031e-51,False
menseveningwear.bsky.social,0,1,0.0,5.801307575073053e-61,False
meowingbug.bsky.social,0,1,0.0,1.6067545770006078e-34,False
metadri.eurosky.social,0,1,0.0,5.801307575073053e-61,False
mangohime.com,0,1,0.0,1.9597085491284774e-35,False
magikarpolycarp.bsky.social,0,1,0.0,6.9941514612188835e-56,False
libramonkee.bsky.social,0,1,0.0,6.9941514612188835e-56,False
lohaddotcom.bsky.social,0,1,0.0,1.3672576579622146e-15,False
lindavt.bsky.social,0,1,0.0,1.3672576579622146e-15,False
linuskk.bsky.social,0,1,0.0,9.962914111315087e-24,False
lisann57.bsky.social,0,1,0.0,1.3672576579622146e-15,False
littlegino.bsky.social,0,1,0.0,2.333278610685353e-22,False
lizrummy.bsky.social,0,1,0.0,2.333278610685353e-22,False
liztruss.bsky.social,0,1,0.0,6.314865271204515e-23,False
lizzycampbell.bsky.social,0,1,0.0,5.801307575073053e-61,False
lj-mi.bsky.social,0,1,0.0,1.7292749663189233e-25,False
lockedbottom.com,0,1,0.0,2.555855650884892e-46,False
lockyer.bsky.social,0,1,0.0,1.2371070569753257e-31,False
lolaura55.bsky.social,0,1,0.0,1.865021090229832e-43,False
maddiemwm.bsky.social,0,1,0.0,5.801307575073053e-61,False
longrules.bsky.social,0,1,0.0,7.396894261832272e-21,False
lordfunkyfist.bsky.social,0,1,0.0,5.39928777606306e-50,False
lsamardich.bsky.social,0,1,0.0,1.3672576579622146e-15,False
luiscordoba.bsky.social,0,1,0.0,5.801307575073053e-61,False
lurkymclurk.bsky.social,0,1,0.0,6.383998231466103e-28,False
lward1700.bsky.social,0,1,0.0,1.5643247770369894e-52,False
m-uscle.bsky.social,0,1,0.0,5.801307575073053e-61,False
mackdoolin.bsky.social,0,1,0.0,5.801307575073053e-61,False
madambluestocking.bsky.social,0,1,0.0,5.801307575073053e-61,False
madamedefargeknits.bsky.social,0,1,0.0,6.155309082072321e-48,False
jimmycraig42.bsky.social,0,1,0.0,1.3672576579622146e-15,False
jillongovt.bsky.social,0,1,0.0,5.270842922123005e-26,False
furnace.bsky.social,0,1,0.0,1.5643247770369894e-52,False
jhbancroft.bsky.social,0,1,0.0,5.801307575073053e-61,False
greenhombre.bsky.social,0,1,0.0,1.5769466214248394e-27,False
gregorynorminton.bsky.social,0,1,0.0,1.2367893031603517e-36,False
grief-enduring.bsky.social,0,1,0.0,2.5763892088536093e-39,False
grudgingsignup.bsky.social,0,1,0.0,5.095402172886734e-34,False
gshans.bsky.social,0,1,0.0,4.1626379054257633e-22,False
gw161irish.bsky.social,0,2,0.0001301089517444959,1.7799097402304624e-15,False
gypitneep.bsky.social,0,1,0.0,1.3672576579622146e-15,False
hals517.bsky.social,0,1,0.0,5.801307575073053e-61,False
hamletisdead.bsky.social,0,1,0.0,3.0875404842035315e-43,False
hardcarriehey.bsky.social,0,1,0.0,5.801307575073053e-61,False
haredurer.bsky.social,0,1,0.0,5.686542459399657e-22,False
harriet75.bsky.social,0,1,0.0,5.801307575073053e-61,False
hartleysiddenj.bsky.social,0,1,0.0,4.537170239514828e-17,False
hedgoe.bsky.social,0,1,0.0,6.9941514612188835e-56,False
helmith07.bsky.social,0,1,0.0,5.801307575073053e-61,False
henrybernstein.bsky.social,0,1,0.0,6.9941514612188835e-56,False
hermeswalkingshoes.bsky.social,0,1,0.0,5.801307575073053e-61,False
highashope13.bsky.social,0,1,0.0,5.801307575073053e-61,False
highway62.bsky.social,0,1,0.0,1.5643247770369894e-52,False
hilarian.bsky.social,0,1,0.0,3.8928909881798146e-38,False
himmelhoch.bsky.social,0,1,0.0,6.9941514612188835e-56,False
hjuliette.bsky.social,0,1,0.0,5.801307575073053e-61,False
hollywooddfpd.bsky.social,0,1,0.0,4.1626379054257633e-22,False
gothicfirekitteh.bsky.social,0,1,0.0,1.3672576579622146e-15,False
gooner63.bsky.social,0,1,0.0,2.347001410379259e-41,False
goodwithcolour.tootr.co.ap.brid.gy,0,1,0.0,5.801307575073053e-61,False
gersande.com,0,1,0.0,5.801307575073053e-61,False
gabagoolers.bsky.social,0,1,0.0,1.2371070569753257e-31,False
gabjet.bsky.social,0,1,0.0,6.155309082072321e-48,False
gabnat.bsky.social,0,1,0.0,1.3672576579622146e-15,False
gaffa.bsky.social,0,2,4.143597189315155e-07,3.9569307810213606e-16,False
gaylord.pink,0,1,0.0,1.872904116635811e-26,False
gaymerdancer.bsky.social,0,1,0.0,8.152796504816746e-38,False
gayyyperson.bsky.social,0,1,0.0,6.314865271204515e-23,False
gazamcnulty.bsky.social,0,1,0.0,4.262243139798382e-27,False
gbsills.bsky.social,0,1,0.0,6.9941514612188835e-56,False
georgeous.one,0,1,0.0,5.801307575073053e-61,False
ghostingdani.bsky.social,0,1,0.0,4.1626379054257633e-22,False
goodknight70.bsky.social,0,1,0.0,1.3672576579622146e-15,False
gigawattconduit.blacksky.app,0,1,0.0,1.5643247770369894e-52,False
glennrunn.bsky.social,0,1,0.0,5.801307575073053e-61,False
glittery-nails.bsky.social,0,1,0.0,1.7292749663189233e-25,False
glowingskeleton.bsky.social,0,1,0.0,5.39928777606306e-50,False
goatoverlord.bsky.social,0,1,0.0,5.39928777606306e-50,False
godeep.bsky.social,0,1,0.0,1.3672576579622146e-15,False
goforproduction.bsky.social,0,1,0.0,1.5769466214248394e-27,False
goji.standingintheodds.com,0,1,0.0,5.39928777606306e-50,False
goldsquid.bsky.social,0,1,0.0,5.801307575073053e-61,False
gonzaegonza91.bsky.social,0,1,0.0,5.801307575073053e-61,False
horneronmain.bsky.social,0,1,0.0,5.801307575073053e-61,False
horobisan.bsky.social,0,1,0.0,8.482265413486488e-45,False
huggingbugs.bsky.social,0,1,0.0,1.6067545770006078e-34,False
jayellcee12.bsky.social,0,1,0.0,1.865021090229832e-43,False
j3zz-g.bsky.social,0,1,0.0,4.454023494039715e-48,False
jacke.bsky.social,0,1,0.0,5.242159996099736e-30,False
jahsounds.bsky.social,0,1,0.0,1.854362128432976e-16,False
jakeremix.bsky.social,0,1,0.0,9.962914111315087e-24,False
jamalgreene.bsky.social,0,1,0.0,4.1626379054257633e-22,False
jamesdoyle1983.bsky.social,0,1,0.0,5.801307575073053e-61,False
jamiesharp.bsky.social,0,1,0.0,5.801307575073053e-61,False
jawndoe.bsky.social,0,1,0.0,1.865021090229832e-43,False
jawstudios.bsky.social,0,1,0.0,3.5671745376748376e-42,False
jayabita.bsky.social,0,1,0.0,5.801307575073053e-61,False
jazzrat2000.bsky.social,0,1,0.0,1.3672576579622146e-15,False
iwilljinx.bsky.social,0,1,0.0,1.5643247770369894e-52,False
jdcarpentieri.bsky.social,0,1,0.0,1.2367893031603517e-36,False
jduvalsmith.bsky.social,0,1,0.0,5.270842922123005e-26,False
jeepsahara4643.bsky.social,0,1,0.0,9.785465144861018e-54,False
jenejareth.bsky.social,0,1,0.0,1.3672576579622146e-15,False
jennie-ess.bsky.social,0,1,0.0,1.3672576579622146e-15,False
jennymckinnon.bsky.social,0,1,0.0,5.095402172886734e-34,False
jeppa1.bsky.social,0,1,0.0,5.801307575073053e-61,False
jeronimo80.bsky.social,0,1,0.0,6.155309082072321e-48,False
jerseyboy95.bsky.social,0,1,0.0,6.314865271204515e-23,False
jeymien.bsky.social,0,1,0.0,2.892058897055307e-25,False
izenteeth.bsky.social,0,1,0.0,5.801307575073053e-61,False
itsrickypnw.bsky.social,0,1,0.0,8.152796504816746e-38,False
hungryfool.bsky.social,0,1,0.0,2.4554748191579335e-34,False
iloli.eurosky.social,0,1,0.0,5.801307575073053e-61,False
hvs.bsky.social,0,1,0.0,6.155309082072321e-48,False
iamadoeable.bsky.social,0,1,0.0,5.39928777606306e-50,False
iamiysha.bsky.social,0,1,0.0,1.2261501466334546e-29,False
iamyou84.bsky.social,0,1,0.0,3.6446829745144005e-34,False
iangorrie.bsky.social,0,1,0.0,3.1134399890457233e-38,False
ianstev91.bsky.social,0,1,0.0,5.270842922123005e-26,False
idontnou.bsky.social,0,1,0.0,5.270842922123005e-26,False
iedamarcondes.com,0,1,0.0,1.4775854766235985e-25,False
ifimryanimdyin.bsky.social,0,1,0.0,6.9941514612188835e-56,False
ilmarinen7.bsky.social,0,1,0.0,5.270842922123005e-26,False
imajerk.bsky.social,0,1,0.0,1.3672576579622146e-15,False
itsmitch03.bsky.social,0,1,0.0,5.801307575073053e-61,False
imgayerthanyouare.bsky.social,0,1,0.0,5.39928777606306e-50,False
incognitopisces.bsky.social,0,1,0.0,1.3950608615051797e-19,False
indigo-k.com,0,1,0.0,6.155309082072321e-48,False
internettrey.bsky.social,0,1,0.0,6.512965015138136e-51,False
irishwol.bsky.social,0,1,0.0,5.095402172886734e-34,False
isaacgantwerkmayer.bsky.social,0,1,0.0,4.920203299424569e-36,False
isaacgm73.bsky.social,0,2,0.0,1.428837923375254e-29,False
issabussae.bsky.social,0,1,0.0,5.801307575073053e-61,False
its-its.bsky.social,0,1,0.0,5.801307575073053e-61,False
itsmelikewhoa.bsky.social,0,1,0.0,9.962914111315087e-24,False
zusteriris.bsky.social,0,1,0.0,6.155309082072321e-48,False
